email,uuid,first_name,last_name,password,dob,hiv_status,diagnosis_date,art_status,art_start_date,country_iso,life_span
patient@gmail.com,CB9390D2-3F16-48A6-9C9F-777983952303,rich,munye,$1$vZJw1PdD$ckAwQx4wZW025wOILqW7Y0,2023-10-10,true,2023-11-11,true,2023-12-12,RWA,50
elie@gmail.com,4B84DB3C-D803-49E6-B5F9-80FD1E9E0627,elie,kagabo,$1$vZJw1PdD$xYMNFyX9jdkgCCgDZ5.Dd.,2023-10-10,true,2023-11-11,true,2023-12-12,RWA,85
gash@gmail.com,A00A5EEC-D006-41CD-B714-A552F8C55383,gash,elie,$1$vZJw1PdD$6/VC7Lg.HGrMq5uOFWmZB0,1990-08-12,true,2018-03-08,true,2024-08-08,RWA,12
peace@gmail.com,2286D2E6-A464-4772-86E2-4327CDA7F3D8,peace,bakare,$1$vZJw1PdD$AZ4Pp68QmiqZZTiKC12FY/,1996-01-01,true,2022-01-01,true,2024-01-01,RWA,21
rose@gmail.com,4072B29E-2CE3-403A-A5C7-5D6C7A773EFF,rose,kimu,$1$vZJw1PdD$KIWZDRfnK2xjOcYzSofcv.,1999-12-12,true,2020-11-12,true,2022-12-12,RWA,31
rich@gmail.com,A98DA659-E3AA-4415-918F-902E363C0403,rich,munye,$1$vZJw1PdD$ckAwQx4wZW025wOILqW7Y0,1999-12-12,true,2000-12-12,true,2002-12-12,RWA,31
user_1@example.com,8c6ade3b-4bdf-42be-ba1c-766ac181dbcf,Anthony,Jimenez,$1$vZJw1PdD$K8xQ/SD4bFXmK9rVLGAXY1,1983-12-25,false,1969-01-17,true,1999-05-02,BES,11
user_2@example.com,c29f81d0-bc5b-420e-bb5d-9760d69a97b6,Scott,Phillips,$1$vZJw1PdD$K8xQ/SD4bFXmK9rVLGAXY1,1977-09-18,false,2006-01-04,false,1969-04-21,QAT,4
user_3@example.com,abf3348b-9b6e-404d-bb4e-2727aa5f4c84,Matthew,Diaz,$1$vZJw1PdD$K8xQ/SD4bFXmK9rVLGAXY1,1994-01-08,true,2012-10-03,true,1983-09-30,MNE,5
user_4@example.com,81e45b48-568a-4459-af43-758a5b27998e,Daniel,Hunter,$1$vZJw1PdD$K8xQ/SD4bFXmK9rVLGAXY1,1973-03-28,true,1982-01-23,false,1989-06-24,CMR,25
user_5@example.com,2007f62d-06ee-41f9-8daf-1b70df49334a,Mary,Gamble,$1$vZJw1PdD$K8xQ/SD4bFXmK9rVLGAXY1,1983-12-25,false,2009-04-14,true,2007-12-20,GGY,17
user_6@example.com,67c1356e-26be-4ba3-bcb4-6f8492b08207,Sharon,Evans,$1$vZJw1PdD$K8xQ/SD4bFXmK9rVLGAXY1,1967-07-02,true,1995-03-13,false,2002-07-09,ISR,40
user_7@example.com,c20d9333-dd81-45ed-905a-2541568daf1d,Sheri,Patel,$1$vZJw1PdD$K8xQ/SD4bFXmK9rVLGAXY1,1983-01-08,true,1973-05-08,false,1988-06-06,EST,5
user_8@example.com,418bd3c9-bc76-4b90-a5ee-6d743dc270bf,Kaitlin,Mcgee,$1$vZJw1PdD$K8xQ/SD4bFXmK9rVLGAXY1,2001-09-16,true,1973-06-03,true,2017-07-23,BGD,32
user_9@example.com,cf257f49-81c3-4432-8e47-cd85d900fb29,Samuel,Bell,$1$vZJw1PdD$K8xQ/SD4bFXmK9rVLGAXY1,1991-01-04,false,1998-05-30,false,2015-03-06,MSR,2
user_10@example.com,d9b3366a-4134-4b88-bba0-661b7d9e94f2,Andrea,Montgomery,$1$vZJw1PdD$K8xQ/SD4bFXmK9rVLGAXY1,2020-07-03,true,2007-09-03,true,2019-12-04,COM,27
user_11@example.com,5015e493-e791-4e66-81bc-09b7de727acb,Harold,Gonzalez,$1$vZJw1PdD$K8xQ/SD4bFXmK9rVLGAXY1,2018-06-14,true,2024-03-18,true,1973-11-28,GRC,52
user_12@example.com,994b6d74-60a0-4fd0-a415-bd89ae35b812,Tiffany,Smith,$1$vZJw1PdD$K8xQ/SD4bFXmK9rVLGAXY1,1996-08-02,true,2007-07-24,false,1992-02-02,ECU,42
user_13@example.com,732ac658-ccc5-4af1-bba5-351aa6d4780b,Tina,Hall,$1$vZJw1PdD$K8xQ/SD4bFXmK9rVLGAXY1,1986-09-11,true,1995-04-02,false,1999-10-11,BIH,35
user_14@example.com,4db57369-72e3-4406-b5ec-367b3c60312b,Robert,Doyle,$1$vZJw1PdD$K8xQ/SD4bFXmK9rVLGAXY1,2014-08-17,false,1984-05-27,false,1973-05-11,DMA,25
user_15@example.com,f85c762b-c80b-4960-a7c9-7e0206e2e68f,Taylor,Bates,$1$vZJw1PdD$K8xQ/SD4bFXmK9rVLGAXY1,1966-09-30,true,2016-02-08,true,2019-12-18,AFG,23
user_16@example.com,61927873-25d7-4595-96fe-8bf83747d9c5,David,Vazquez,$1$vZJw1PdD$K8xQ/SD4bFXmK9rVLGAXY1,2014-07-28,false,2013-01-18,false,1972-07-09,DNK,44
user_17@example.com,eec9f796-66bb-4dae-97ec-5809e7ec6545,Regina,Mcgrath,$1$vZJw1PdD$K8xQ/SD4bFXmK9rVLGAXY1,2016-05-25,false,1986-08-22,false,2021-01-27,WSM,24
user_18@example.com,7c449024-f5ce-4788-a56d-668a6ff2ccb7,Thomas,Farley,$1$vZJw1PdD$K8xQ/SD4bFXmK9rVLGAXY1,1965-09-18,false,1984-04-29,false,2024-02-10,THA,56
user_19@example.com,bf107d1a-76bb-412e-a9b1-8cfac18aed3b,Andrew,Bullock,$1$vZJw1PdD$K8xQ/SD4bFXmK9rVLGAXY1,2023-10-26,true,1967-01-19,false,1976-03-04,RUS,9
user_20@example.com,aef0324c-9b75-4c0c-b85c-0e159a354a90,Laurie,Koch,$1$vZJw1PdD$K8xQ/SD4bFXmK9rVLGAXY1,1977-04-13,false,2000-11-26,false,1967-08-05,AUS,32
user_21@example.com,19ced97a-b97c-4c0a-b1d8-7bc4ede0ff38,Wendy,Welch,$1$vZJw1PdD$K8xQ/SD4bFXmK9rVLGAXY1,2003-12-21,true,1995-08-10,true,2021-07-28,MMR,15
user_22@example.com,4a684561-9e89-48da-a5f5-3cc4773d77f4,Scott,Doyle,$1$vZJw1PdD$K8xQ/SD4bFXmK9rVLGAXY1,2022-03-30,false,1998-06-15,false,1992-06-30,QAT,5
user_23@example.com,bc7e8d19-6682-453e-984f-f923f1447c29,Bryan,Compton,$1$vZJw1PdD$K8xQ/SD4bFXmK9rVLGAXY1,1996-05-10,false,2018-10-27,false,2011-09-05,ZMB,30
user_24@example.com,720d645d-784e-4c3c-a9db-1a96600b5350,Scott,Hansen,$1$vZJw1PdD$K8xQ/SD4bFXmK9rVLGAXY1,2002-08-14,false,2014-06-18,true,1987-07-21,PAK,16
user_25@example.com,ea1cb64d-e76b-4b49-abac-b54c25b8e0ac,Jonathan,Guzman,$1$vZJw1PdD$K8xQ/SD4bFXmK9rVLGAXY1,1975-05-17,true,2003-04-19,false,1974-03-30,RUS,42
user_26@example.com,ba833771-4fa7-44ab-948c-ebfc1127d205,Amanda,Garcia,$1$vZJw1PdD$K8xQ/SD4bFXmK9rVLGAXY1,2021-09-28,false,1974-01-26,false,1978-12-01,BEN,36
user_27@example.com,e4f710c2-6299-4800-bbd2-2269d441bfa5,Glenda,Parker,$1$vZJw1PdD$K8xQ/SD4bFXmK9rVLGAXY1,2002-12-24,true,2001-09-03,false,1992-05-02,PHL,11
user_28@example.com,d35f0a13-8b08-442d-a274-4c271c7406fb,Melissa,Walker,$1$vZJw1PdD$K8xQ/SD4bFXmK9rVLGAXY1,2021-10-30,false,1986-01-09,false,2006-06-10,SYR,39
user_29@example.com,29a7a014-94ee-4376-9665-8f86c9a81484,Mercedes,Mccann,$1$vZJw1PdD$K8xQ/SD4bFXmK9rVLGAXY1,2006-01-13,false,2005-12-18,true,2016-11-22,VUT,56
user_30@example.com,f48bbb87-e48b-46fc-ab2f-97e9b78c94a6,Donna,Johnson,$1$vZJw1PdD$K8xQ/SD4bFXmK9rVLGAXY1,2011-09-13,false,1969-11-03,true,1999-08-01,USA,57
user_31@example.com,f12eb9b3-7a2f-4ee2-b092-78d02c25d057,Nicole,Gardner,$1$vZJw1PdD$K8xQ/SD4bFXmK9rVLGAXY1,2012-07-31,false,1968-01-30,false,1975-07-25,BRN,47
user_32@example.com,7f22e760-c4fe-4b3d-be4f-7493d2eeac54,Jill,Wilson,$1$vZJw1PdD$K8xQ/SD4bFXmK9rVLGAXY1,1965-01-22,false,1998-07-25,false,2020-11-03,SEN,20
user_33@example.com,179f7ad8-c4e4-49dd-bdb0-abc7750d2c45,Brian,Henry,$1$vZJw1PdD$K8xQ/SD4bFXmK9rVLGAXY1,1992-01-09,true,2008-07-07,true,2021-04-19,SLV,2
user_34@example.com,42f8897e-f0f8-4667-9ee8-c819bd9bc145,Christina,Stevens,$1$vZJw1PdD$K8xQ/SD4bFXmK9rVLGAXY1,2016-07-10,true,1984-05-26,true,2022-03-08,NCL,22
user_35@example.com,56df17d7-1478-4f61-89f5-9b0886272384,Ashley,Larson,$1$vZJw1PdD$K8xQ/SD4bFXmK9rVLGAXY1,2001-06-07,true,2014-11-21,false,1977-01-15,FIN,35
user_36@example.com,4ec73bd6-977d-4c56-9fa2-e9a64c60b70f,Cindy,Andrews,$1$vZJw1PdD$K8xQ/SD4bFXmK9rVLGAXY1,1970-11-15,false,2012-06-06,false,1965-07-25,BEL,49
user_37@example.com,19fbd135-6a16-4c72-babf-603ea13eee9c,Kara,Castillo,$1$vZJw1PdD$K8xQ/SD4bFXmK9rVLGAXY1,2019-01-03,true,1982-02-06,false,2021-03-13,MDG,41
user_38@example.com,108d536a-f537-41e8-b805-7b550c665771,Daniel,Santana,$1$vZJw1PdD$K8xQ/SD4bFXmK9rVLGAXY1,1977-05-11,false,2000-06-26,false,1974-01-20,ZMB,44
user_39@example.com,00f74849-e343-4ae0-83c4-93cf0d25f45d,Ralph,Johnson,$1$vZJw1PdD$K8xQ/SD4bFXmK9rVLGAXY1,1973-10-29,true,2016-02-28,true,1991-10-08,POL,50
user_40@example.com,a86bb9d6-0b1e-4852-8925-b1647ba1e2f2,Bryan,Clark,$1$vZJw1PdD$K8xQ/SD4bFXmK9rVLGAXY1,1998-01-04,true,1994-02-02,false,1973-02-19,NRU,54
user_41@example.com,1d3389f6-0da4-4b60-885d-2dc62281a687,Kristen,Watson,$1$vZJw1PdD$K8xQ/SD4bFXmK9rVLGAXY1,1996-05-03,false,2017-10-27,true,1982-01-30,COK,58
user_42@example.com,651f245f-fd4e-436c-a010-298bee56d7d2,Steven,Schmidt,$1$vZJw1PdD$K8xQ/SD4bFXmK9rVLGAXY1,1987-05-02,false,1982-02-15,false,2012-04-05,LBY,28
user_43@example.com,eedbbfe4-91f6-4cf5-8c61-b88c4bef2ab4,Allison,Henderson,$1$vZJw1PdD$K8xQ/SD4bFXmK9rVLGAXY1,2007-07-02,false,1964-09-15,false,2001-07-13,DJI,18
user_44@example.com,4bc1e077-31d1-45fc-b48f-edd6befe67e6,Mindy,Ward,$1$vZJw1PdD$K8xQ/SD4bFXmK9rVLGAXY1,1997-12-17,true,1973-05-31,false,1977-12-12,IRL,41
user_45@example.com,fb1b915e-0c54-4c51-a673-ff06933eb59f,Ronald,Martinez,$1$vZJw1PdD$K8xQ/SD4bFXmK9rVLGAXY1,1990-03-17,true,1988-02-10,true,2006-07-26,AUS,59
user_46@example.com,43fcf2b3-7412-44bf-aab0-eba6cf47544e,Diana,Graham,$1$vZJw1PdD$K8xQ/SD4bFXmK9rVLGAXY1,1974-07-17,true,2019-08-25,true,1988-04-27,NOR,29
user_47@example.com,8d4fc5ad-fd60-4fb6-8748-271e2e46e721,Jean,Schneider,$1$vZJw1PdD$K8xQ/SD4bFXmK9rVLGAXY1,2023-10-30,false,1997-06-08,false,1989-01-26,MKD,51
user_48@example.com,10cbf04d-517c-4590-b020-811eaf6b85c6,Kimberly,Taylor,$1$vZJw1PdD$K8xQ/SD4bFXmK9rVLGAXY1,2023-12-28,false,1991-10-06,true,2011-05-14,KNA,48
user_49@example.com,cfb2d2d2-9ec0-4d1b-9f4f-b805b18710f2,John,Robertson,$1$vZJw1PdD$K8xQ/SD4bFXmK9rVLGAXY1,1989-08-15,true,1981-07-24,true,2013-02-08,LSO,58
user_50@example.com,986f67b4-8402-4e7b-a414-c8b5f997d9bf,Margaret,Patel,$1$vZJw1PdD$K8xQ/SD4bFXmK9rVLGAXY1,1988-03-15,false,1973-03-21,true,2014-11-16,ARM,15
user_51@example.com,0fc092c1-959f-4099-9809-169166825b91,Jennifer,Butler,$1$vZJw1PdD$K8xQ/SD4bFXmK9rVLGAXY1,2001-07-03,false,1969-04-02,false,2012-01-05,DOM,11
user_52@example.com,37c5b019-5a48-4a8c-b30b-aa8e6127b584,Kirk,Garcia,$1$vZJw1PdD$K8xQ/SD4bFXmK9rVLGAXY1,2000-10-25,true,2017-01-12,false,2002-02-13,LVA,53
user_53@example.com,ae2bd585-761e-4e5d-961a-d6d0a3da2548,Rebecca,Mcbride,$1$vZJw1PdD$K8xQ/SD4bFXmK9rVLGAXY1,1984-08-28,true,2013-10-29,false,1968-10-29,SYR,40
user_54@example.com,f872e075-510f-4916-bc1f-bf0cda7bfb00,Patrick,Parker,$1$vZJw1PdD$K8xQ/SD4bFXmK9rVLGAXY1,2004-05-13,true,1991-07-06,false,1998-05-17,MSR,34
user_55@example.com,90f32db6-52f8-4529-80b9-9728dc375606,Annette,Andrade,$1$vZJw1PdD$K8xQ/SD4bFXmK9rVLGAXY1,1996-09-10,false,2018-02-26,false,1967-09-30,FJI,32
user_56@example.com,49b9607f-0762-4e11-ab05-4a1c2c24aff6,Nathan,Evans,$1$vZJw1PdD$K8xQ/SD4bFXmK9rVLGAXY1,2022-06-29,false,2006-07-09,false,1970-12-17,CHE,26
user_57@example.com,f68ee65d-ea00-41e8-9b86-7c781d6f1bb4,Tina,Garcia,$1$vZJw1PdD$K8xQ/SD4bFXmK9rVLGAXY1,1991-05-31,false,1991-05-17,true,1968-12-22,CHE,7
user_58@example.com,f5397c56-1168-477e-bec9-3304dfe1b0c2,Donald,Weber,$1$vZJw1PdD$K8xQ/SD4bFXmK9rVLGAXY1,2016-03-30,false,1973-05-05,true,1973-09-03,COL,48
user_59@example.com,764bce02-23b0-4cb5-9bfc-2343b28a3e9b,Lauren,Murphy,$1$vZJw1PdD$K8xQ/SD4bFXmK9rVLGAXY1,1984-10-20,false,1992-12-18,false,2016-08-10,HTI,15
user_60@example.com,6c07ad5b-86f9-4ab1-a934-fdfdded791d9,Regina,Parker,$1$vZJw1PdD$K8xQ/SD4bFXmK9rVLGAXY1,1967-09-24,true,2012-11-26,false,1983-04-01,SYR,11
user_61@example.com,1e74367e-238c-4aee-b3d7-eb4b7d4cee0f,Duane,Arnold,$1$vZJw1PdD$K8xQ/SD4bFXmK9rVLGAXY1,2010-08-14,false,2018-03-08,true,1972-12-05,KAZ,2
user_62@example.com,f3a1760f-2927-4a95-a880-02dd66071833,Krista,Hodges,$1$vZJw1PdD$K8xQ/SD4bFXmK9rVLGAXY1,1967-03-06,true,1995-05-31,true,1968-05-27,POL,60
user_63@example.com,eeffe2cd-a001-4048-b2c2-316896d80886,Bruce,Riley,$1$vZJw1PdD$K8xQ/SD4bFXmK9rVLGAXY1,1982-01-08,true,1973-04-15,false,2009-01-26,AUT,53
user_64@example.com,04b59e05-ae2f-4462-9c45-a17eeca12955,Dustin,Skinner,$1$vZJw1PdD$K8xQ/SD4bFXmK9rVLGAXY1,2011-09-06,false,1990-10-25,true,1964-09-19,BLR,27
user_65@example.com,24388d10-62cd-4770-839a-962047441983,Carolyn,Perry,$1$vZJw1PdD$K8xQ/SD4bFXmK9rVLGAXY1,1971-10-01,true,1985-09-24,true,1968-06-23,DEU,43
user_66@example.com,028702e4-965f-4526-b1c3-83cf5d11e16b,Stephanie,Hayes,$1$vZJw1PdD$K8xQ/SD4bFXmK9rVLGAXY1,2014-12-29,false,2012-06-07,true,1986-11-24,TON,49
user_67@example.com,7dd040a0-16f6-4ca9-b04b-f7f1882c1264,Andrea,Simon,$1$vZJw1PdD$K8xQ/SD4bFXmK9rVLGAXY1,1987-10-22,true,1971-09-21,false,2001-11-25,LAO,17
user_68@example.com,3b0092c9-081e-4079-958e-26aa514748a4,Andrea,Torres,$1$vZJw1PdD$K8xQ/SD4bFXmK9rVLGAXY1,2019-07-19,true,2017-05-08,false,2017-07-29,BRN,6
user_69@example.com,c8821031-e603-4f00-a8f3-873f8f041719,Luis,West,$1$vZJw1PdD$K8xQ/SD4bFXmK9rVLGAXY1,1996-02-19,false,1980-08-24,true,2017-12-10,REU,53
user_70@example.com,4df2c5a9-9062-4a3a-b0c0-228f6c455db5,Rebekah,Velez,$1$vZJw1PdD$K8xQ/SD4bFXmK9rVLGAXY1,2016-06-25,false,2024-03-03,true,2019-01-06,PSE,24
user_71@example.com,01709656-cece-4f39-9b56-81badf619fb3,Nicole,Watson,$1$vZJw1PdD$K8xQ/SD4bFXmK9rVLGAXY1,1997-11-24,false,1967-03-05,false,1976-05-09,BGR,38
user_72@example.com,d5295f5c-55c8-4f9f-a742-4aa91046dee0,Eric,Jackson,$1$vZJw1PdD$K8xQ/SD4bFXmK9rVLGAXY1,2012-01-27,true,1967-10-15,false,2021-11-24,UKR,29
user_73@example.com,c59f5e5a-14a3-4d14-a8b2-d98ed1e901a4,Timothy,Gomez,$1$vZJw1PdD$K8xQ/SD4bFXmK9rVLGAXY1,2004-05-18,false,2014-04-03,true,1995-07-04,TKM,37
user_74@example.com,8bd5e851-1056-4c55-8114-7bcbb017f0b3,William,Williams,$1$vZJw1PdD$K8xQ/SD4bFXmK9rVLGAXY1,2019-03-27,false,1992-07-23,false,1998-03-01,FRO,24
user_75@example.com,03f78d7a-76ac-4876-a47c-0037609c7436,Jonathan,Wang,$1$vZJw1PdD$K8xQ/SD4bFXmK9rVLGAXY1,2008-04-17,true,1988-01-18,true,1973-09-24,JOR,35
user_76@example.com,c318edcc-f73d-47b1-b34c-c73578920612,Heather,Chen,$1$vZJw1PdD$K8xQ/SD4bFXmK9rVLGAXY1,2020-05-04,false,1977-11-14,false,2021-06-14,AUS,10
user_77@example.com,131976d4-817b-4e39-a162-56a6613fa62a,Dawn,Barnett,$1$vZJw1PdD$K8xQ/SD4bFXmK9rVLGAXY1,1988-03-08,false,2007-04-26,true,1977-05-04,KEN,12
user_78@example.com,0ba1a672-2cf6-42a6-8359-5ec748b3917a,Mitchell,Matthews,$1$vZJw1PdD$K8xQ/SD4bFXmK9rVLGAXY1,1988-07-25,false,2002-04-03,true,1989-07-31,MDG,33
user_79@example.com,aeaad191-c3fd-45e1-a302-a590d28baa3c,Gregory,Romero,$1$vZJw1PdD$K8xQ/SD4bFXmK9rVLGAXY1,1975-04-13,true,1966-08-19,false,2020-06-30,TCA,45
user_80@example.com,7d8c2908-60bc-41c3-838c-505ad03d78c7,Megan,Robinson,$1$vZJw1PdD$K8xQ/SD4bFXmK9rVLGAXY1,1993-05-16,true,2006-08-03,false,1988-11-09,NRU,39
user_81@example.com,850cf8d3-1248-4be6-b08a-20c57eab262c,Joshua,Gomez,$1$vZJw1PdD$K8xQ/SD4bFXmK9rVLGAXY1,1998-03-26,true,2000-09-15,false,2020-04-18,LBN,20
user_82@example.com,57a7803b-8d14-456e-a761-b9a890a21676,Jeremiah,Ruiz,$1$vZJw1PdD$K8xQ/SD4bFXmK9rVLGAXY1,1990-07-27,false,1990-03-27,false,2010-08-19,BRN,34
user_83@example.com,7ede8511-e6e4-4820-85c1-78ab4d5883f8,Kristen,Cobb,$1$vZJw1PdD$K8xQ/SD4bFXmK9rVLGAXY1,2001-12-27,true,2007-05-09,true,2013-09-29,AND,2
user_84@example.com,511c360a-16f2-4928-99bc-f0fc051cbe07,Timothy,Mendez,$1$vZJw1PdD$K8xQ/SD4bFXmK9rVLGAXY1,2019-11-02,false,2020-03-14,false,2024-04-24,LBN,1
user_85@example.com,274436c7-613d-4b4f-aadb-ef8cb79cd9f3,Henry,Hunter,$1$vZJw1PdD$K8xQ/SD4bFXmK9rVLGAXY1,1965-11-02,false,1993-11-13,true,1973-01-21,IDN,35
user_86@example.com,c882eb01-a33b-40e5-826d-376eefd25c56,Tony,Andersen,$1$vZJw1PdD$K8xQ/SD4bFXmK9rVLGAXY1,1985-09-20,false,1992-11-22,false,1971-01-02,MYS,33
user_87@example.com,fa66c359-071d-4a9a-89fb-50bfd91eaaba,Desiree,Jimenez,$1$vZJw1PdD$K8xQ/SD4bFXmK9rVLGAXY1,1992-05-12,true,1965-07-03,true,1994-01-11,IRQ,36
user_88@example.com,1ef9169f-a19e-481f-8f76-40770a618dc8,Michelle,Underwood,$1$vZJw1PdD$K8xQ/SD4bFXmK9rVLGAXY1,2012-05-17,true,1982-06-22,false,1971-09-10,SUR,33
user_89@example.com,c5303f6b-f160-4406-94d4-234660804290,Lisa,Lloyd,$1$vZJw1PdD$K8xQ/SD4bFXmK9rVLGAXY1,1997-03-16,true,2003-10-05,false,1993-10-14,BLM,3
user_90@example.com,5a6f8166-8dab-4486-a2ff-fe555ccf9d7a,Timothy,Jones,$1$vZJw1PdD$K8xQ/SD4bFXmK9rVLGAXY1,1999-02-21,false,1983-04-05,false,2023-09-05,MYT,52
user_91@example.com,d1544098-574a-4277-b435-22fbf174259e,Patricia,Thomas,$1$vZJw1PdD$K8xQ/SD4bFXmK9rVLGAXY1,1993-01-29,true,2023-05-07,false,1994-09-03,NRU,48
user_92@example.com,246149dc-28c2-492d-8509-bfbad07a33ce,Joseph,Nolan,$1$vZJw1PdD$K8xQ/SD4bFXmK9rVLGAXY1,2014-09-11,false,1975-07-25,true,2020-03-18,SWE,26
user_93@example.com,60a3f6c7-9b7c-45b9-a512-e9df0002bac7,Danny,Ruiz,$1$vZJw1PdD$K8xQ/SD4bFXmK9rVLGAXY1,1978-12-28,false,1966-06-28,false,2012-11-29,MKD,11
user_94@example.com,bcf76307-f86b-4b5d-9564-d2b4efe637d7,Cynthia,King,$1$vZJw1PdD$K8xQ/SD4bFXmK9rVLGAXY1,2000-08-25,false,1996-01-31,false,1970-02-23,DJI,33
user_95@example.com,9da0eba4-0b9b-432f-b125-045bac170d8f,Teresa,Faulkner,$1$vZJw1PdD$K8xQ/SD4bFXmK9rVLGAXY1,1986-12-07,true,2015-06-12,true,2021-01-30,HUN,36
user_96@example.com,e5c847ce-c132-4078-9535-f770137a752f,Rebecca,Werner,$1$vZJw1PdD$K8xQ/SD4bFXmK9rVLGAXY1,1990-01-29,false,1971-03-19,true,1986-01-09,MLI,9
user_97@example.com,8cab5393-bf00-4f1e-91ff-dec4d856b582,Katherine,Sims,$1$vZJw1PdD$K8xQ/SD4bFXmK9rVLGAXY1,1990-12-15,true,2011-07-06,false,2018-05-02,IRQ,20
user_98@example.com,93fe4a1b-7305-4afc-be42-653bf9368936,Jason,Smith,$1$vZJw1PdD$K8xQ/SD4bFXmK9rVLGAXY1,2014-07-05,true,2002-12-13,true,1982-08-26,GLP,34
user_99@example.com,308b7383-6cd6-4aa8-b83e-1149494335d5,Steve,Wilson,$1$vZJw1PdD$K8xQ/SD4bFXmK9rVLGAXY1,1968-10-14,false,2009-10-04,true,1999-05-31,IRL,58
user_100@example.com,661ec25c-da3f-499f-821e-47e82629f075,Micheal,Sanders,$1$vZJw1PdD$K8xQ/SD4bFXmK9rVLGAXY1,1965-12-10,false,1991-02-11,true,1982-06-06,ZAF,20
user_101@example.com,d49d0a2a-32c0-40ec-a498-c1f28d5c2626,Mitchell,Walton,$1$vZJw1PdD$K8xQ/SD4bFXmK9rVLGAXY1,1971-02-09,true,1969-01-21,false,1995-03-13,GUF,59
user_102@example.com,767aa54d-537e-4ad5-b597-9c21543d258d,Cassandra,Black,$1$vZJw1PdD$K8xQ/SD4bFXmK9rVLGAXY1,1976-05-27,false,1975-05-30,true,2002-09-03,KNA,27
user_103@example.com,81440290-0dc8-46e4-a385-f905ba60aff0,Mary,Gregory,$1$vZJw1PdD$K8xQ/SD4bFXmK9rVLGAXY1,1999-06-01,true,1995-05-07,false,1982-01-18,KGZ,16
user_104@example.com,15f49056-3a0c-4899-a427-b19836ba5642,Ryan,Montgomery,$1$vZJw1PdD$K8xQ/SD4bFXmK9rVLGAXY1,2023-05-17,true,2024-03-17,true,1975-05-24,DNK,41
user_105@example.com,f214a91e-bdb2-4928-9c44-5c0a9d36a9b9,Jonathan,Johnson,$1$vZJw1PdD$K8xQ/SD4bFXmK9rVLGAXY1,2019-02-17,false,1985-04-23,true,1983-06-21,TKM,43
user_106@example.com,cd519e9e-b63e-4ed7-96e5-6f6bf89f6804,Shawn,Hawkins,$1$vZJw1PdD$K8xQ/SD4bFXmK9rVLGAXY1,2000-08-31,true,2013-10-01,false,2016-03-10,FJI,48
user_107@example.com,7e9e7230-66cd-4831-86b7-00a63506e396,Melvin,Boyd,$1$vZJw1PdD$K8xQ/SD4bFXmK9rVLGAXY1,2019-08-08,true,2018-01-12,true,1964-11-02,HKG,10
user_108@example.com,bc7d6fe7-08df-4967-9bc9-6cf376fe3528,Sean,Hanson,$1$vZJw1PdD$K8xQ/SD4bFXmK9rVLGAXY1,1995-05-16,true,1993-06-12,false,1992-02-11,HUN,31
user_109@example.com,42987702-bb97-47c8-8f38-24307477e750,Anna,Carson,$1$vZJw1PdD$K8xQ/SD4bFXmK9rVLGAXY1,2009-06-22,false,2020-02-10,true,1990-04-25,AZE,30
user_110@example.com,6a55a047-4acf-4166-b689-b6b0e38988a0,Richard,Smith,$1$vZJw1PdD$K8xQ/SD4bFXmK9rVLGAXY1,2002-10-27,true,1983-03-13,true,2022-12-28,BRB,27
user_111@example.com,efc2f140-3aae-4d81-aee5-52ae7c10dc5a,Yvonne,Gonzalez,$1$vZJw1PdD$K8xQ/SD4bFXmK9rVLGAXY1,2001-12-15,true,1992-06-02,true,2001-02-15,FLK,16
user_112@example.com,cfb1b261-9957-4f2e-aef3-ad296a68ec12,Jeffrey,Mendez,$1$vZJw1PdD$K8xQ/SD4bFXmK9rVLGAXY1,1979-10-26,true,2016-02-25,true,2005-09-23,AFG,30
user_113@example.com,750b6408-a8de-4306-b3b4-23a77c1261b9,Cody,Hampton,$1$vZJw1PdD$K8xQ/SD4bFXmK9rVLGAXY1,1993-06-14,false,1974-01-15,true,1997-08-08,SOM,58
user_114@example.com,5a004f99-6250-4b7c-8dca-e3f8920c7060,Andrea,Miller,$1$vZJw1PdD$K8xQ/SD4bFXmK9rVLGAXY1,2019-08-02,true,1986-12-10,true,2020-10-06,BOL,15
user_115@example.com,271d6ad8-2273-46ec-a663-a2f0690b90e5,Tina,Mccullough,$1$vZJw1PdD$K8xQ/SD4bFXmK9rVLGAXY1,1991-03-08,false,1966-02-12,true,1997-10-23,COG,48
user_116@example.com,2359ff93-7e02-4642-b91f-0d722cdf6654,Jennifer,Turner,$1$vZJw1PdD$K8xQ/SD4bFXmK9rVLGAXY1,1991-11-21,false,2014-11-23,true,1998-07-13,JPN,31
user_117@example.com,5a3d9d0c-18a5-4180-bc9b-15b7ffd6cf25,Dawn,Garcia,$1$vZJw1PdD$K8xQ/SD4bFXmK9rVLGAXY1,2020-10-04,true,2023-12-14,true,1985-06-19,IDN,30
user_118@example.com,6b39e723-7c17-48b8-9f80-4396bcd0b08e,Nicole,Knight,$1$vZJw1PdD$K8xQ/SD4bFXmK9rVLGAXY1,2014-07-05,false,1969-11-10,true,1990-11-19,HND,20
user_119@example.com,44adb10c-116e-4e55-9ee1-11fe6eb12c9e,Thomas,Hughes,$1$vZJw1PdD$K8xQ/SD4bFXmK9rVLGAXY1,1977-06-21,false,2003-04-01,true,1990-03-28,NAM,12
user_120@example.com,7452e06a-97ae-44fe-9749-f9cdc9ae4c22,Kayla,Barrera,$1$vZJw1PdD$K8xQ/SD4bFXmK9rVLGAXY1,2014-04-23,false,1965-10-05,false,1991-05-28,OMN,11
user_121@example.com,f293b27c-6d12-4f57-9d75-bf0ae53fb60c,Patrick,Stanley,$1$vZJw1PdD$K8xQ/SD4bFXmK9rVLGAXY1,1973-07-09,false,2014-12-27,true,1969-03-10,DMA,32
user_122@example.com,4f1ed765-3fd3-4582-99cf-ba4c40dbc6a0,Alexandra,Sims,$1$vZJw1PdD$K8xQ/SD4bFXmK9rVLGAXY1,1989-08-13,false,2014-11-23,true,1989-06-11,SVN,30
user_123@example.com,b0c7775a-762d-411d-8a63-afa2eb0b6777,Joseph,Johnson,$1$vZJw1PdD$K8xQ/SD4bFXmK9rVLGAXY1,2016-04-13,false,1988-06-12,false,1981-01-25,NZL,50
user_124@example.com,5ea9ffb7-6814-4a49-bdf0-53f2f635ba37,Jason,Owen,$1$vZJw1PdD$K8xQ/SD4bFXmK9rVLGAXY1,2005-11-27,true,2005-09-23,false,1971-05-11,GNQ,24
user_125@example.com,be554755-58ae-4496-9c8b-a6d50b6403ff,Michael,Martin,$1$vZJw1PdD$K8xQ/SD4bFXmK9rVLGAXY1,2007-03-04,false,1983-03-04,true,1975-09-14,EST,22
user_126@example.com,505ae052-f1a1-4909-bad7-e905582b941d,Jeremy,Chavez,$1$vZJw1PdD$K8xQ/SD4bFXmK9rVLGAXY1,2018-06-16,true,1990-01-27,true,2024-03-28,VUT,13
user_127@example.com,a1705331-cebd-4412-8337-59d3a7976ed7,Christopher,Jackson,$1$vZJw1PdD$K8xQ/SD4bFXmK9rVLGAXY1,2001-07-29,true,1985-05-27,true,1973-10-18,CAN,2
user_128@example.com,565f3b77-7d8a-46a8-8478-200a54299431,Wendy,Morales,$1$vZJw1PdD$K8xQ/SD4bFXmK9rVLGAXY1,2015-12-08,false,2006-10-10,true,1993-03-14,SGP,57
user_129@example.com,755e11ee-8ca2-4ab5-bae8-43542e1829ff,Peter,Reyes,$1$vZJw1PdD$K8xQ/SD4bFXmK9rVLGAXY1,1989-08-02,true,2018-04-09,true,1973-07-15,MAR,41
user_130@example.com,608bcb9d-881a-48ea-b2ca-dc11cedd0aed,Ashley,Bennett,$1$vZJw1PdD$K8xQ/SD4bFXmK9rVLGAXY1,1993-11-30,true,1987-03-30,true,2006-05-31,SYR,43
user_131@example.com,740ec4b0-cbc7-499b-aa20-d84ef9f27628,Chelsey,Blackwell,$1$vZJw1PdD$K8xQ/SD4bFXmK9rVLGAXY1,1976-12-31,false,1973-04-10,true,2011-06-04,SLV,22
user_132@example.com,593d978e-2d6b-41dc-bfe2-1b0dcf979e46,Michael,Yates,$1$vZJw1PdD$K8xQ/SD4bFXmK9rVLGAXY1,2013-02-04,true,2023-03-04,true,1996-01-17,BEN,59
user_133@example.com,3b49aced-d534-4e34-b079-778184508f2c,Patricia,Lawrence,$1$vZJw1PdD$K8xQ/SD4bFXmK9rVLGAXY1,2023-06-01,true,1970-08-19,true,1973-02-28,LBY,53
user_134@example.com,1120cc80-4996-4b23-b8d9-0ba50ac40d1a,Lori,Ward,$1$vZJw1PdD$K8xQ/SD4bFXmK9rVLGAXY1,1985-01-20,true,2014-08-15,true,1992-12-01,ESH,8
user_135@example.com,f36aa885-4b54-47ac-b562-29ad214063e9,Michele,Greer,$1$vZJw1PdD$K8xQ/SD4bFXmK9rVLGAXY1,1981-10-02,false,2003-07-13,false,1982-02-23,MKD,27
user_136@example.com,f8d684d8-bd81-469c-a124-83e4d7273471,Erica,Gregory,$1$vZJw1PdD$K8xQ/SD4bFXmK9rVLGAXY1,1990-03-20,false,1992-10-07,false,1986-08-20,BGD,23
user_137@example.com,409b5437-6f8c-4df9-98bf-bf6a3dd5153e,Tiffany,Phelps,$1$vZJw1PdD$K8xQ/SD4bFXmK9rVLGAXY1,2017-12-09,false,1991-03-02,false,1982-10-04,COG,29
user_138@example.com,589dbf13-7de0-4f6b-9d1b-ba09764657cc,Lisa,Padilla,$1$vZJw1PdD$K8xQ/SD4bFXmK9rVLGAXY1,1978-05-01,true,1966-07-25,false,1975-05-09,URY,12
user_139@example.com,b0df7c40-894b-4262-9ffb-4922e83e22fe,Jennifer,Garcia,$1$vZJw1PdD$K8xQ/SD4bFXmK9rVLGAXY1,1991-12-26,true,2023-07-30,true,1973-06-13,BTN,1
user_140@example.com,ad22a045-2e40-4ca1-9c7a-a54c9214dbb3,Jennifer,Herring,$1$vZJw1PdD$K8xQ/SD4bFXmK9rVLGAXY1,1982-07-02,false,1965-03-24,false,2009-12-16,KAZ,42
user_141@example.com,5bbcf681-bfe6-488c-8f79-0bf8168af921,Peter,Fitzpatrick,$1$vZJw1PdD$K8xQ/SD4bFXmK9rVLGAXY1,1967-06-07,false,1971-08-14,true,1972-11-30,CYP,8
user_142@example.com,ccf1b765-06a4-4909-9953-93fec773eddb,April,Rojas,$1$vZJw1PdD$K8xQ/SD4bFXmK9rVLGAXY1,2008-01-07,true,2007-07-02,false,2010-02-09,PRT,14
user_143@example.com,46a9c5db-84be-4616-8dcf-2df233608143,Richard,Evans,$1$vZJw1PdD$K8xQ/SD4bFXmK9rVLGAXY1,2002-09-23,true,1987-04-16,false,1980-08-11,HTI,46
user_144@example.com,af2d6130-fa54-4d59-92fe-57eadf7eb277,Valerie,Taylor,$1$vZJw1PdD$K8xQ/SD4bFXmK9rVLGAXY1,2013-04-30,false,1977-04-28,false,2016-11-10,BTN,7
user_145@example.com,5cec3cf1-f0d4-412d-aa03-65a8f01b016e,Hannah,Long,$1$vZJw1PdD$K8xQ/SD4bFXmK9rVLGAXY1,2014-06-28,true,2017-02-27,false,1991-01-02,ZWE,9
user_146@example.com,9ffad050-e12c-42ef-94fa-3d481425c732,Leslie,Brown,$1$vZJw1PdD$K8xQ/SD4bFXmK9rVLGAXY1,1985-01-26,false,2004-04-15,false,2009-05-23,NCL,33
user_147@example.com,14544bac-2c59-4ae6-8af1-d5ec2ea6ac83,Andrea,Graham,$1$vZJw1PdD$K8xQ/SD4bFXmK9rVLGAXY1,1995-03-02,false,2014-04-14,false,1999-05-10,VEN,52
user_148@example.com,5fac7a43-aa30-40bd-b9f3-ff6e1b151398,Gary,Baldwin,$1$vZJw1PdD$K8xQ/SD4bFXmK9rVLGAXY1,1965-01-22,false,2002-11-11,true,1975-10-02,DNK,58
user_149@example.com,1fb62e02-de35-4392-a8eb-2f76c914fbac,Denise,Miller,$1$vZJw1PdD$K8xQ/SD4bFXmK9rVLGAXY1,2011-05-30,false,1996-08-22,true,1992-05-13,MDA,57
user_150@example.com,2560c6e4-04bd-4cdb-9578-96ec091faf56,Heather,Morgan,$1$vZJw1PdD$K8xQ/SD4bFXmK9rVLGAXY1,1972-02-22,false,1983-06-12,true,2010-06-09,MLI,19
user_151@example.com,7fcc1f0f-e11a-440a-a57e-061462c2d892,Robert,Thompson,$1$vZJw1PdD$K8xQ/SD4bFXmK9rVLGAXY1,2003-06-13,true,2015-12-19,true,1972-08-05,TKL,15
user_152@example.com,11db8e75-38cb-469b-8de4-8acfba9c48eb,Michael,Tucker,$1$vZJw1PdD$K8xQ/SD4bFXmK9rVLGAXY1,2000-12-02,false,2009-09-30,true,2022-08-21,FSM,27
user_153@example.com,0b5424c6-635b-41b4-af32-d0505d8f163d,Sarah,Henderson,$1$vZJw1PdD$K8xQ/SD4bFXmK9rVLGAXY1,1991-08-12,true,1974-11-16,true,2007-12-30,HTI,26
user_154@example.com,0008de90-9dc4-4f5d-baee-96958e0a8230,Ryan,Cisneros,$1$vZJw1PdD$K8xQ/SD4bFXmK9rVLGAXY1,1983-05-22,true,2013-05-29,false,1990-12-03,FJI,56
user_155@example.com,9a29926b-ae27-4c35-ba89-175de510b6fc,Kenneth,Yang,$1$vZJw1PdD$K8xQ/SD4bFXmK9rVLGAXY1,1995-08-09,false,2021-11-02,false,2008-05-20,MKD,1
user_156@example.com,52330435-351d-4e64-81e9-0792dbb1cb64,George,Collier,$1$vZJw1PdD$K8xQ/SD4bFXmK9rVLGAXY1,1970-05-30,true,1996-09-19,true,2003-07-04,IND,7
user_157@example.com,90f97339-e955-4d20-acab-e78d061bef58,Hannah,Fowler,$1$vZJw1PdD$K8xQ/SD4bFXmK9rVLGAXY1,1968-07-16,false,1990-11-20,false,2021-12-13,KOR,60
user_158@example.com,f5d15d52-3bd1-486e-82c6-b3bf4e3a0b2c,Robert,Garza,$1$vZJw1PdD$K8xQ/SD4bFXmK9rVLGAXY1,2010-09-19,false,2014-03-22,false,2018-04-16,MHL,9
user_159@example.com,77933250-8de8-4c51-8751-f0617345bfc3,Brian,Cervantes,$1$vZJw1PdD$K8xQ/SD4bFXmK9rVLGAXY1,2023-10-28,false,2004-06-05,true,2011-09-02,MDA,46
user_160@example.com,48ebb030-b5ac-4376-be62-8af563a86448,Henry,Carlson,$1$vZJw1PdD$K8xQ/SD4bFXmK9rVLGAXY1,2005-03-24,true,1990-12-24,true,1975-07-08,ASM,25
user_161@example.com,707ac898-80b3-411a-8036-5ed5cd3c37d1,Henry,Rowland,$1$vZJw1PdD$K8xQ/SD4bFXmK9rVLGAXY1,1996-06-22,false,1972-01-28,true,1977-02-15,SWE,57
user_162@example.com,8ae908e5-d683-4f3a-8253-83f1c14a5146,Tracey,Greene,$1$vZJw1PdD$K8xQ/SD4bFXmK9rVLGAXY1,2010-04-06,true,1989-02-12,false,1987-06-10,SLB,40
user_163@example.com,40f72c1b-c620-4adf-ab64-1a452eebb8bf,Shane,Walker,$1$vZJw1PdD$K8xQ/SD4bFXmK9rVLGAXY1,2001-07-02,false,1968-12-24,false,2011-11-20,CZE,8
user_164@example.com,7ff4efda-702b-4a62-9275-76825f7157c2,Wesley,Johnson,$1$vZJw1PdD$K8xQ/SD4bFXmK9rVLGAXY1,2017-06-30,false,1968-02-11,false,1987-01-09,ETH,40
user_165@example.com,8b1f0c82-5ed2-4db6-a555-904a9bf97b9e,Denise,Simmons,$1$vZJw1PdD$K8xQ/SD4bFXmK9rVLGAXY1,1993-12-22,false,2010-08-30,true,1993-07-02,PAK,26
user_166@example.com,c15d64ed-6203-41dd-b490-e1879b2c3dac,Tiffany,Pruitt,$1$vZJw1PdD$K8xQ/SD4bFXmK9rVLGAXY1,2004-10-11,false,2003-01-10,true,2018-09-22,MNE,27
user_167@example.com,483d0ffc-71bc-4594-823e-0b38a7a4f071,Kyle,Macias,$1$vZJw1PdD$K8xQ/SD4bFXmK9rVLGAXY1,1998-08-26,false,1973-01-08,true,2009-10-28,ROU,14
user_168@example.com,c7e759c0-5bf7-43c7-812f-255f4fc4ea1b,Ashley,Huynh,$1$vZJw1PdD$K8xQ/SD4bFXmK9rVLGAXY1,1997-11-16,true,1969-08-18,false,1986-05-27,LVA,7
user_169@example.com,cebf27f4-8124-48b9-81de-1ebdb5f03a36,Jackson,Burnett,$1$vZJw1PdD$K8xQ/SD4bFXmK9rVLGAXY1,2015-09-26,true,1984-03-04,true,1974-01-18,KEN,13
user_170@example.com,c7efd187-be6b-4265-b8b2-45f7ee0f8dd8,Carrie,Powers,$1$vZJw1PdD$K8xQ/SD4bFXmK9rVLGAXY1,2008-09-16,true,1970-04-15,false,2021-02-18,GAB,35
user_171@example.com,d230ea38-e2ab-4d98-8e6a-0f8958daf105,Lisa,Mcmahon,$1$vZJw1PdD$K8xQ/SD4bFXmK9rVLGAXY1,1994-05-18,false,1990-07-08,false,2017-01-28,JEY,8
user_172@example.com,56b14126-296c-4eeb-bc40-1658c14e3c1a,Jason,Franco,$1$vZJw1PdD$K8xQ/SD4bFXmK9rVLGAXY1,2007-11-17,true,2006-07-25,false,1970-01-10,AGO,22
user_173@example.com,3f2d6aa9-a42f-46bf-a0e2-b81129300351,James,Carlson,$1$vZJw1PdD$K8xQ/SD4bFXmK9rVLGAXY1,1991-10-25,true,2010-06-30,false,1984-09-11,TUN,6
user_174@example.com,bebd4c24-d3bf-4404-8d29-a35e05f81157,Tonya,White,$1$vZJw1PdD$K8xQ/SD4bFXmK9rVLGAXY1,2008-10-24,false,1983-12-01,true,2006-01-24,CYP,16
user_175@example.com,5ddd0fa1-5415-424b-b4b3-775beaac36ad,Charles,May,$1$vZJw1PdD$K8xQ/SD4bFXmK9rVLGAXY1,1975-03-16,false,2001-05-06,true,2015-04-07,SLV,39
user_176@example.com,8762229c-717d-403c-a675-3a8140ee64a6,Rebekah,Walker,$1$vZJw1PdD$K8xQ/SD4bFXmK9rVLGAXY1,1990-08-26,true,1971-11-16,false,1972-05-14,BLR,11
user_177@example.com,9c417516-4f03-42fa-bac1-8bf87078c545,Jennifer,Harris,$1$vZJw1PdD$K8xQ/SD4bFXmK9rVLGAXY1,2016-07-20,true,2004-01-19,true,1994-11-19,MTQ,26
user_178@example.com,0b6eafa0-c5f9-4dcd-97ad-c3a8b260ec59,Trevor,Rich,$1$vZJw1PdD$K8xQ/SD4bFXmK9rVLGAXY1,1974-06-12,true,1974-03-21,true,1985-06-14,LUX,30
user_179@example.com,227a5928-81a2-4f41-824a-4fa0370fdd2f,Jody,Smith,$1$vZJw1PdD$K8xQ/SD4bFXmK9rVLGAXY1,2014-09-17,false,1972-01-21,true,2023-02-13,MAR,40
user_180@example.com,5c4d5fe0-43a3-400d-82b1-5a9398ec3286,Joseph,Wright,$1$vZJw1PdD$K8xQ/SD4bFXmK9rVLGAXY1,1977-11-14,false,1999-05-30,false,2016-10-12,JEY,20
user_181@example.com,3bf55666-0b11-4f28-8518-1598c3f679cb,Natalie,Choi,$1$vZJw1PdD$K8xQ/SD4bFXmK9rVLGAXY1,2009-05-17,false,1993-07-16,true,2014-10-13,AIA,49
user_182@example.com,9335791d-1b8a-4e78-84d9-fa3ff338f8c1,Lisa,Robinson,$1$vZJw1PdD$K8xQ/SD4bFXmK9rVLGAXY1,2001-02-09,true,2019-03-04,false,2008-10-13,NPL,33
user_183@example.com,23d6d50a-4ab9-413d-b6e7-e084edbe8bf1,Crystal,Robinson,$1$vZJw1PdD$K8xQ/SD4bFXmK9rVLGAXY1,1981-11-29,false,2012-07-13,true,2013-11-19,QAT,49
user_184@example.com,92d39f69-a864-4d8f-b825-989342b8ae1d,Meghan,Watson,$1$vZJw1PdD$K8xQ/SD4bFXmK9rVLGAXY1,2002-02-21,false,1993-05-15,false,2007-03-03,ISR,16
user_185@example.com,9278d9ed-26d7-4735-8d54-b9208872f69c,Andres,Smith,$1$vZJw1PdD$K8xQ/SD4bFXmK9rVLGAXY1,1988-05-29,false,1986-02-19,false,1965-06-25,BTN,1
user_186@example.com,d9765aa4-feb4-411f-b96f-f3e7a07fe019,Jennifer,Murphy,$1$vZJw1PdD$K8xQ/SD4bFXmK9rVLGAXY1,1985-01-17,true,2020-02-27,false,1978-02-14,EST,12
user_187@example.com,441a4825-8b5d-4bfb-9fcb-b462e8920be5,Thomas,Nguyen,$1$vZJw1PdD$K8xQ/SD4bFXmK9rVLGAXY1,1981-01-16,true,1978-01-12,false,2002-06-30,BFA,31
user_188@example.com,3a1310a7-01b9-48c8-9631-6e24b21627a5,Joshua,Brooks,$1$vZJw1PdD$K8xQ/SD4bFXmK9rVLGAXY1,1974-12-18,false,1995-03-20,true,1995-07-10,TJK,50
user_189@example.com,04838481-b95c-4779-ae45-b4c1da18470a,Valerie,Gonzalez,$1$vZJw1PdD$K8xQ/SD4bFXmK9rVLGAXY1,2005-03-25,false,1998-03-27,false,1995-09-29,GRC,29
user_190@example.com,2b79a8d3-347c-47dd-921c-40975a4e0c7a,Ian,Walters,$1$vZJw1PdD$K8xQ/SD4bFXmK9rVLGAXY1,1971-01-08,false,1981-02-22,false,1975-11-04,COD,59
user_191@example.com,7972b354-03ea-4edd-b65d-4b978d7678b5,Emily,Mendez,$1$vZJw1PdD$K8xQ/SD4bFXmK9rVLGAXY1,2004-10-16,true,2000-08-08,true,2022-10-24,CUW,17
user_192@example.com,e0b17f6e-4ea8-41ae-9b16-8b3580ef9219,Brian,Mejia,$1$vZJw1PdD$K8xQ/SD4bFXmK9rVLGAXY1,1969-02-06,false,2002-11-14,true,2016-11-20,YEM,9
user_193@example.com,db4ca0cb-8e9c-4efc-88af-c7568140f16c,Kathy,Chavez,$1$vZJw1PdD$K8xQ/SD4bFXmK9rVLGAXY1,2006-05-03,false,1964-12-08,false,1969-07-10,ABW,54
user_194@example.com,d338b8d2-2ec0-4d91-b792-7593c2701d03,Debbie,Henry,$1$vZJw1PdD$K8xQ/SD4bFXmK9rVLGAXY1,1988-04-01,true,1967-03-01,true,2008-05-15,SAU,21
user_195@example.com,bc4e5d51-2f45-45a1-9acb-b618d0b2ccba,Kenneth,Johnson,$1$vZJw1PdD$K8xQ/SD4bFXmK9rVLGAXY1,1992-02-11,true,2017-08-04,true,1989-04-18,BRB,54
user_196@example.com,bfeea47e-9760-4f64-ad16-76543c63bc77,Ashley,Boyd,$1$vZJw1PdD$K8xQ/SD4bFXmK9rVLGAXY1,1971-07-18,true,1999-01-21,false,2012-06-13,TTO,44
user_197@example.com,a7d06ec3-75bd-4d6f-a6d6-96bd6b0e0df2,Micheal,Rivera,$1$vZJw1PdD$K8xQ/SD4bFXmK9rVLGAXY1,2007-07-18,false,2002-04-10,true,1973-08-19,PRY,44
user_198@example.com,a3a53ca0-9bc5-4d92-ba63-3b8f1c09b0fd,Bryan,Jimenez,$1$vZJw1PdD$K8xQ/SD4bFXmK9rVLGAXY1,1971-08-06,true,1987-10-05,true,1986-11-16,DEU,31
user_199@example.com,8b772976-b3a8-4580-90b3-8e0035514d90,Michael,Smith,$1$vZJw1PdD$K8xQ/SD4bFXmK9rVLGAXY1,1976-11-03,true,2002-08-25,true,1965-03-04,IND,33
user_200@example.com,bea2ebf8-74c9-4838-8d9b-c816b3a058d0,Jacob,Galloway,$1$vZJw1PdD$K8xQ/SD4bFXmK9rVLGAXY1,1992-10-15,true,1988-04-07,false,2005-07-17,NCL,27
user_201@example.com,cae32f8b-32bb-4801-9014-cfb483f8dfe5,Allison,Ramirez,$1$vZJw1PdD$K8xQ/SD4bFXmK9rVLGAXY1,1984-01-29,true,1980-08-31,false,1991-05-13,JEY,2
user_202@example.com,baca7423-43db-4b02-8e4e-6d5cfff97b81,Kyle,Downs,$1$vZJw1PdD$K8xQ/SD4bFXmK9rVLGAXY1,1998-12-24,true,1988-05-01,true,1990-09-16,BRB,7
user_203@example.com,01409357-e119-4900-bf5b-052ec6184fea,Denise,Moreno,$1$vZJw1PdD$K8xQ/SD4bFXmK9rVLGAXY1,1970-12-22,true,1967-04-25,true,2003-10-02,BHS,48
user_204@example.com,852ca38a-ddc0-4d7e-9cae-9a1e7dfb4266,Kevin,Briggs,$1$vZJw1PdD$K8xQ/SD4bFXmK9rVLGAXY1,1996-11-05,false,2021-12-26,false,1968-02-12,BFA,43
user_205@example.com,c78188a0-a310-4c78-8c98-20149626b05e,Holly,Woodward,$1$vZJw1PdD$K8xQ/SD4bFXmK9rVLGAXY1,2018-05-18,true,1985-02-15,false,2001-05-25,TLS,59
user_206@example.com,7022c16e-034c-4fb8-84dc-1019bd589d9c,Jose,Sellers,$1$vZJw1PdD$K8xQ/SD4bFXmK9rVLGAXY1,2007-02-22,true,1982-08-30,false,1968-02-29,BLR,36
user_207@example.com,a1d4f17d-c693-4580-bb1e-c3d79e486b98,Bobby,Berry,$1$vZJw1PdD$K8xQ/SD4bFXmK9rVLGAXY1,1968-10-09,true,1994-11-27,true,2015-12-21,CAN,7
user_208@example.com,c2e6582c-4735-4d37-80e1-f4ab89a28cdb,Angela,Moreno,$1$vZJw1PdD$K8xQ/SD4bFXmK9rVLGAXY1,1978-01-11,false,1968-11-11,true,1989-10-13,SUR,49
user_209@example.com,0a175917-9fac-42b0-aedb-0a9ec3a613b1,Robert,Perkins,$1$vZJw1PdD$K8xQ/SD4bFXmK9rVLGAXY1,1978-06-07,false,2016-04-15,false,2024-05-12,MDV,27
user_210@example.com,669b3ef4-cf79-42ac-92c1-62f9a44c783c,Trevor,Barrett,$1$vZJw1PdD$K8xQ/SD4bFXmK9rVLGAXY1,2006-03-13,true,2010-11-28,false,1994-01-11,DMA,33
user_211@example.com,346cfe88-7df1-469f-9e75-a0c3123a9d91,Jon,Kelly,$1$vZJw1PdD$K8xQ/SD4bFXmK9rVLGAXY1,2020-03-06,true,2005-12-04,true,1995-04-13,POL,42
user_212@example.com,a3b6d4dc-0351-4a16-b49c-de02b42189b4,Crystal,Williams,$1$vZJw1PdD$K8xQ/SD4bFXmK9rVLGAXY1,1971-01-30,true,1966-08-08,true,1999-02-14,PYF,14
user_213@example.com,654d1bd1-17aa-49f0-9b14-1279243cd4d5,Emily,Hoffman,$1$vZJw1PdD$K8xQ/SD4bFXmK9rVLGAXY1,1979-02-25,false,2023-07-22,false,1987-04-17,NZL,23
user_214@example.com,55b16a62-3be9-4174-90d5-b5ac534a62f9,Ryan,Pennington,$1$vZJw1PdD$K8xQ/SD4bFXmK9rVLGAXY1,1975-05-30,true,1991-10-10,false,1996-09-17,SLE,28
user_215@example.com,c7c1d806-fa93-483c-a1c7-532b28922723,Jamie,Martinez,$1$vZJw1PdD$K8xQ/SD4bFXmK9rVLGAXY1,1996-08-21,false,2009-11-12,true,1968-11-26,ATG,11
user_216@example.com,a5b18056-2c2d-4920-a3f3-e33bd1791d70,Patrick,Walker,$1$vZJw1PdD$K8xQ/SD4bFXmK9rVLGAXY1,1970-08-01,false,1981-03-16,true,2022-09-29,GRC,28
user_217@example.com,38d887ac-c6ae-4b7a-8285-931323c34e0c,William,Bailey,$1$vZJw1PdD$K8xQ/SD4bFXmK9rVLGAXY1,2021-07-11,false,1971-08-26,false,1966-03-11,TZA,21
user_218@example.com,0acdc13a-4bc9-47bd-add6-1e96b789e9a9,Tara,Martin,$1$vZJw1PdD$K8xQ/SD4bFXmK9rVLGAXY1,1984-06-12,false,1984-01-29,true,1977-02-26,PLW,53
user_219@example.com,8839bce9-d034-4262-834a-559d8097871d,Kathryn,Lopez,$1$vZJw1PdD$K8xQ/SD4bFXmK9rVLGAXY1,2010-04-10,true,2010-02-07,false,1978-11-01,GEO,30
user_220@example.com,5b459875-81e4-45e1-9474-31670b260e09,Angela,Ho,$1$vZJw1PdD$K8xQ/SD4bFXmK9rVLGAXY1,1970-05-20,true,2020-04-16,false,1970-07-13,RUS,32
user_221@example.com,c93b0919-5151-451f-aba3-8f8532862082,Sierra,Gutierrez,$1$vZJw1PdD$K8xQ/SD4bFXmK9rVLGAXY1,2000-12-19,false,1983-06-11,false,1981-03-09,NPL,5
user_222@example.com,d22fa020-1b00-4e4b-b478-52d7c619125f,Cristina,Johnson,$1$vZJw1PdD$K8xQ/SD4bFXmK9rVLGAXY1,1995-07-03,false,1965-07-23,false,1994-11-08,NZL,24
user_223@example.com,c2912759-9b10-4391-a23d-dbfe955f9ce2,Nicholas,Owen,$1$vZJw1PdD$K8xQ/SD4bFXmK9rVLGAXY1,1984-06-26,true,2006-09-23,false,1996-05-27,CYP,13
user_224@example.com,f19759e2-4e59-4dff-9109-8479e2774fb1,Bill,Anderson,$1$vZJw1PdD$K8xQ/SD4bFXmK9rVLGAXY1,2000-08-20,false,1975-12-07,false,2017-10-16,RWA,40
user_225@example.com,b3c6a1a8-4dcc-4ceb-b221-1631577b283f,Benjamin,Paul,$1$vZJw1PdD$K8xQ/SD4bFXmK9rVLGAXY1,1984-07-01,false,1992-10-25,false,2015-01-11,CUB,8
user_226@example.com,30c41cf3-0fd1-40ab-aa63-6210b0a64f37,Pamela,Mosley,$1$vZJw1PdD$K8xQ/SD4bFXmK9rVLGAXY1,1980-07-19,false,1994-05-30,true,1981-10-12,UKR,15
user_227@example.com,db6d82a2-0320-46dc-84ed-d27793e424e3,Robert,Jackson,$1$vZJw1PdD$K8xQ/SD4bFXmK9rVLGAXY1,2015-02-26,true,1997-04-03,true,2023-09-19,PHL,36
user_228@example.com,f11afb6e-02ba-46af-9faf-240edc06d01f,Victor,Hernandez,$1$vZJw1PdD$K8xQ/SD4bFXmK9rVLGAXY1,1965-12-12,false,1993-05-24,false,1997-04-03,REU,47
user_229@example.com,5b7a34c8-de33-4f9e-bfbe-59938df3f6d1,Richard,Medina,$1$vZJw1PdD$K8xQ/SD4bFXmK9rVLGAXY1,1971-02-08,false,1991-07-08,false,2021-08-14,GUF,32
user_230@example.com,47d0f513-ff84-4d79-8cb8-54e02043755d,Brandi,Richards,$1$vZJw1PdD$K8xQ/SD4bFXmK9rVLGAXY1,1982-07-13,true,2000-12-08,true,2019-01-13,MDV,25
user_231@example.com,de65ac3e-281a-42b7-a787-4ff32787d6b0,Ashley,Tyler,$1$vZJw1PdD$K8xQ/SD4bFXmK9rVLGAXY1,1995-02-06,false,2020-10-20,true,2010-09-26,MSR,20
user_232@example.com,89e19738-7104-4a16-abf4-6c0501d10fb2,Alec,Bailey,$1$vZJw1PdD$K8xQ/SD4bFXmK9rVLGAXY1,1985-11-28,false,2022-07-22,true,1986-05-25,DMA,44
user_233@example.com,5926eb7b-1246-4127-960b-98aa8be7fad4,Hailey,Dorsey,$1$vZJw1PdD$K8xQ/SD4bFXmK9rVLGAXY1,1987-01-08,false,1980-07-12,true,2003-07-28,MEX,34
user_234@example.com,71d7e678-ce7a-4a73-8369-2871f30dab1b,Matthew,Allison,$1$vZJw1PdD$K8xQ/SD4bFXmK9rVLGAXY1,2017-05-12,true,1967-02-09,true,2003-04-03,ITA,26
user_235@example.com,e238dc41-aa28-4ddc-b228-56ca94a0524e,Sierra,Castaneda,$1$vZJw1PdD$K8xQ/SD4bFXmK9rVLGAXY1,1982-03-31,false,2012-06-12,true,1997-10-16,PAK,56
user_236@example.com,538adaa2-0fa6-4c62-9ace-024a2570ffb8,Richard,Jordan,$1$vZJw1PdD$K8xQ/SD4bFXmK9rVLGAXY1,2003-11-05,false,1994-06-20,true,1972-05-07,LVA,37
user_237@example.com,a11c8d5c-fec4-44c3-8c4d-e331eb287d26,Douglas,Marquez,$1$vZJw1PdD$K8xQ/SD4bFXmK9rVLGAXY1,2023-03-29,true,2001-03-19,false,1970-12-17,SAU,27
user_238@example.com,906fe9d2-e519-4845-856d-efb62a7a1940,Courtney,Holland,$1$vZJw1PdD$K8xQ/SD4bFXmK9rVLGAXY1,1968-11-07,true,2010-04-09,false,1988-01-14,SLB,60
user_239@example.com,1f8650f1-8268-456d-8df8-7d0d9b3f2148,Jason,Carroll,$1$vZJw1PdD$K8xQ/SD4bFXmK9rVLGAXY1,1981-10-27,true,1968-10-10,true,1966-07-28,BEN,12
user_240@example.com,8eb444ad-6f9b-4fc8-bdb6-c312c1dee8ee,Dawn,Smith,$1$vZJw1PdD$K8xQ/SD4bFXmK9rVLGAXY1,1968-11-18,false,1978-03-06,true,2011-06-15,MTQ,19
user_241@example.com,705c1463-d9f4-4caa-a487-1ac540a77288,Tina,Gordon,$1$vZJw1PdD$K8xQ/SD4bFXmK9rVLGAXY1,2000-09-07,false,1992-12-14,true,2007-11-01,TJK,24
user_242@example.com,5ef633e2-4a21-40d4-82c6-82fed21bcc02,Lauren,Parks,$1$vZJw1PdD$K8xQ/SD4bFXmK9rVLGAXY1,1978-04-07,true,2008-06-26,true,1965-12-20,GIB,28
user_243@example.com,d1950678-9a06-4122-9ac3-834191db9761,Charles,Johnson,$1$vZJw1PdD$K8xQ/SD4bFXmK9rVLGAXY1,2021-01-16,false,1994-10-18,false,1991-06-07,CUW,10
user_244@example.com,abf7fc5b-0b75-4271-a418-70a1396b5d46,Jason,Lindsey,$1$vZJw1PdD$K8xQ/SD4bFXmK9rVLGAXY1,1980-12-14,false,2011-03-31,true,2001-08-25,TCA,50
user_245@example.com,23c031b2-6c07-416f-bbb5-1715f4ff7029,Robin,Barber,$1$vZJw1PdD$K8xQ/SD4bFXmK9rVLGAXY1,2019-03-01,true,1986-10-08,false,2013-01-27,GGY,24
user_246@example.com,2a1d5894-4115-4400-a189-a753609ca987,Melissa,Reynolds,$1$vZJw1PdD$K8xQ/SD4bFXmK9rVLGAXY1,1999-03-06,true,1983-10-19,false,1971-07-28,SAU,17
user_247@example.com,b98a2009-716e-427a-9667-3ba3460746bb,Leah,Bates,$1$vZJw1PdD$K8xQ/SD4bFXmK9rVLGAXY1,2023-12-29,false,2002-04-05,false,2000-02-14,TON,1
user_248@example.com,f3cb1336-91e5-44c8-ab81-916672507cf6,Austin,Harris,$1$vZJw1PdD$K8xQ/SD4bFXmK9rVLGAXY1,2002-03-08,false,1968-07-20,true,1983-09-28,LUX,22
user_249@example.com,45da40a1-1eeb-4c3d-827d-a63f42c940ac,Adrian,Smith,$1$vZJw1PdD$K8xQ/SD4bFXmK9rVLGAXY1,2019-08-02,false,2011-06-09,true,1993-11-18,FIN,19
user_250@example.com,84e38706-6b31-4d8b-bb4e-28cf3fe8facf,Erica,Brown,$1$vZJw1PdD$K8xQ/SD4bFXmK9rVLGAXY1,2008-08-24,false,2024-02-27,false,2024-02-06,VUT,24
user_251@example.com,1cb5ca8e-f754-42bf-b40c-42cd2b9286b4,Douglas,White,$1$vZJw1PdD$K8xQ/SD4bFXmK9rVLGAXY1,1983-03-20,false,1990-01-31,true,1992-12-10,ARM,60
user_252@example.com,2f9e0a34-080d-4a72-a63b-d4117bc08087,Jennifer,Townsend,$1$vZJw1PdD$K8xQ/SD4bFXmK9rVLGAXY1,1992-04-25,true,1999-11-23,false,2005-10-16,GUF,15
user_253@example.com,e8539311-68d1-4ee6-bb60-5cd1b024c0f3,Christopher,Gay,$1$vZJw1PdD$K8xQ/SD4bFXmK9rVLGAXY1,2021-10-15,false,1978-02-13,false,1979-12-07,PLW,27
user_254@example.com,fd8e90e4-9f7f-4179-a337-4727fc402335,Kyle,Webster,$1$vZJw1PdD$K8xQ/SD4bFXmK9rVLGAXY1,1991-11-28,false,2023-09-09,true,1988-10-11,CIV,23
user_255@example.com,7a759017-fcb5-481c-b60f-8f3746585289,Amber,Ball,$1$vZJw1PdD$K8xQ/SD4bFXmK9rVLGAXY1,1992-10-28,false,1977-04-17,false,2007-08-02,GIB,34
user_256@example.com,a0ffa76d-8e08-49a1-b930-fb48793807d0,Ashley,Liu,$1$vZJw1PdD$K8xQ/SD4bFXmK9rVLGAXY1,1997-12-28,false,1973-05-16,true,2024-07-20,CHL,53
user_257@example.com,d0de14b5-9a49-4df2-80e1-76c9e45ff6c0,Corey,Swanson,$1$vZJw1PdD$K8xQ/SD4bFXmK9rVLGAXY1,2018-11-04,false,2019-12-25,true,1992-08-19,CUB,36
user_258@example.com,e669fbe7-0e4f-4591-b5fe-48dfc2656dcd,Peter,Burch,$1$vZJw1PdD$K8xQ/SD4bFXmK9rVLGAXY1,1998-03-07,false,2022-01-16,false,1972-01-25,IND,60
user_259@example.com,4a19cf97-abd8-445c-a486-e805cf51b263,Douglas,Nichols,$1$vZJw1PdD$K8xQ/SD4bFXmK9rVLGAXY1,1983-01-06,true,2011-09-06,false,2021-09-27,TUR,22
user_260@example.com,78521e45-16f8-47c8-adc8-bf61b6b3c6c6,William,Miller,$1$vZJw1PdD$K8xQ/SD4bFXmK9rVLGAXY1,1993-03-31,true,1969-06-02,true,1968-07-11,IMN,30
user_261@example.com,2a48f8d6-bd26-43b4-9a0f-b9f2da1050da,Jessica,Bailey,$1$vZJw1PdD$K8xQ/SD4bFXmK9rVLGAXY1,1990-02-19,false,1987-07-04,true,1999-02-09,LIE,4
user_262@example.com,adb143c4-f781-439f-9715-d4c1d697b63e,Ashley,Woodward,$1$vZJw1PdD$K8xQ/SD4bFXmK9rVLGAXY1,1967-11-14,false,2018-09-10,false,1984-12-15,NIC,33
user_263@example.com,af7ade6b-d62c-4c96-9510-c46ba9df3b3c,Eddie,Johnson,$1$vZJw1PdD$K8xQ/SD4bFXmK9rVLGAXY1,1995-08-07,true,2014-10-03,false,1979-07-14,DOM,1
user_264@example.com,94d5df9d-823e-4b3a-9992-0122a742ff73,Crystal,Riddle,$1$vZJw1PdD$K8xQ/SD4bFXmK9rVLGAXY1,1994-01-02,false,1995-08-30,false,1988-06-26,TUV,32
user_265@example.com,d400eb5e-aec2-453e-a3da-f3eff6158da4,Jeffrey,Lopez,$1$vZJw1PdD$K8xQ/SD4bFXmK9rVLGAXY1,2007-07-21,false,1995-12-01,true,2000-05-15,CHL,42
user_266@example.com,100b7caf-9566-42a8-92c7-698696cba47b,Janet,Smith,$1$vZJw1PdD$K8xQ/SD4bFXmK9rVLGAXY1,1979-06-16,true,1966-04-18,true,1965-02-08,TUR,24
user_267@example.com,eda5f33b-38eb-454e-b289-5afb3f13b8ee,David,Yates,$1$vZJw1PdD$K8xQ/SD4bFXmK9rVLGAXY1,1975-05-26,false,1993-08-30,false,2001-08-13,ERI,57
user_268@example.com,c2284b0c-556b-4e5d-a9a6-36b93ec6686b,Joseph,Butler,$1$vZJw1PdD$K8xQ/SD4bFXmK9rVLGAXY1,2007-02-14,true,1981-09-18,false,1997-09-03,MNE,47
user_269@example.com,757496e3-05ed-4264-a50a-c29ae2951277,Amy,Marsh,$1$vZJw1PdD$K8xQ/SD4bFXmK9rVLGAXY1,1979-03-26,true,1972-03-29,false,1984-10-08,IRQ,29
user_270@example.com,e2c889b3-db6a-4718-9319-521715c625e4,Russell,Bailey,$1$vZJw1PdD$K8xQ/SD4bFXmK9rVLGAXY1,1990-02-10,true,2006-11-17,false,2005-08-22,SRB,29
user_271@example.com,d10bad6f-03a4-4410-ad54-f57d8f619e1f,Robert,Pacheco,$1$vZJw1PdD$K8xQ/SD4bFXmK9rVLGAXY1,2023-11-04,true,2013-07-30,false,1974-01-03,ARG,5
user_272@example.com,a30387d5-68f0-43ed-97e4-c59f751a8295,Kelly,Smith,$1$vZJw1PdD$K8xQ/SD4bFXmK9rVLGAXY1,1980-03-14,true,2018-04-06,true,2004-08-23,MAC,29
user_273@example.com,2307ed22-8d40-4183-bbdb-718c042f75f0,William,Floyd,$1$vZJw1PdD$K8xQ/SD4bFXmK9rVLGAXY1,2018-09-27,true,2007-10-01,false,1992-10-24,THA,45
user_274@example.com,fc918017-5a5a-4fd5-b4b1-b78f3a4b19e6,Emily,Williams,$1$vZJw1PdD$K8xQ/SD4bFXmK9rVLGAXY1,1975-05-14,false,1999-10-16,true,1985-07-07,COL,31
user_275@example.com,5addaff0-6494-4dd1-a6ce-e4bf355dbabb,Erika,Jensen,$1$vZJw1PdD$K8xQ/SD4bFXmK9rVLGAXY1,2000-06-09,true,2005-12-23,true,1965-02-06,TZA,18
user_276@example.com,6a50fe82-82f2-4cdb-9fa5-9f0e76c71df7,Taylor,Gardner,$1$vZJw1PdD$K8xQ/SD4bFXmK9rVLGAXY1,1974-07-10,true,2007-01-03,true,2002-03-16,ITA,31
user_277@example.com,dbb3ae3e-f064-4b31-8761-232586b96e2b,James,Rodriguez,$1$vZJw1PdD$K8xQ/SD4bFXmK9rVLGAXY1,1968-07-17,false,1980-08-19,false,2006-06-11,ITA,24
user_278@example.com,54bb50cf-f336-4806-9b5f-cb27d85b892f,Holly,Wiggins,$1$vZJw1PdD$K8xQ/SD4bFXmK9rVLGAXY1,1988-01-04,false,2020-08-10,false,2020-05-29,CHN,60
user_279@example.com,8c1c54bf-1d0b-4ee1-9cfa-cdb72a641b44,Monique,Aguirre,$1$vZJw1PdD$K8xQ/SD4bFXmK9rVLGAXY1,2008-04-28,false,2005-03-21,false,1982-10-25,MUS,5
user_280@example.com,3d4a12e4-1108-49de-99fe-7a9c2d7283af,Ashley,Diaz,$1$vZJw1PdD$K8xQ/SD4bFXmK9rVLGAXY1,2016-04-02,false,2014-08-10,false,2004-12-12,SYR,11
user_281@example.com,2d8fcd35-7377-47dd-bcc7-2360ecd99386,Candace,Greene,$1$vZJw1PdD$K8xQ/SD4bFXmK9rVLGAXY1,2021-03-30,false,2024-07-25,false,2000-12-02,NER,10
user_282@example.com,03a9261c-c895-47f9-93da-bb3878391dc3,Pamela,Nixon,$1$vZJw1PdD$K8xQ/SD4bFXmK9rVLGAXY1,2021-08-29,false,1978-04-26,false,1998-04-14,ZMB,13
user_283@example.com,3e344052-932a-4334-b4d6-73abefe9876a,Taylor,Sanchez,$1$vZJw1PdD$K8xQ/SD4bFXmK9rVLGAXY1,2022-08-04,false,2009-10-19,true,1994-05-02,SAU,27
user_284@example.com,cde8eb48-4b2b-4dfa-a72d-005d38596c44,Katie,Snyder,$1$vZJw1PdD$K8xQ/SD4bFXmK9rVLGAXY1,1994-01-21,true,2004-09-30,false,1996-07-21,ECU,5
user_285@example.com,3656333f-123a-4440-89a1-f0e8d1cf1d14,Kyle,Hunter,$1$vZJw1PdD$K8xQ/SD4bFXmK9rVLGAXY1,1991-02-22,true,1967-04-10,false,1981-03-06,POL,14
user_286@example.com,64f5738f-1fac-4044-8668-cc1f3c6afb0f,Elijah,Rhodes,$1$vZJw1PdD$K8xQ/SD4bFXmK9rVLGAXY1,2010-07-04,false,2015-04-27,true,1996-01-17,CIV,33
user_287@example.com,13a8f911-45a1-4255-9e1a-1f7bcc75e31a,Kylie,Dunn,$1$vZJw1PdD$K8xQ/SD4bFXmK9rVLGAXY1,1968-05-30,true,1994-06-19,false,2024-03-18,CHL,34
user_288@example.com,ac739bea-a0aa-4833-ba21-edd3904838ac,Derrick,Scott,$1$vZJw1PdD$K8xQ/SD4bFXmK9rVLGAXY1,1990-02-24,false,2017-03-22,false,1980-09-17,COL,25
user_289@example.com,b36fcbc3-477e-49e7-a2ab-1863dd529fc0,Robert,Watson,$1$vZJw1PdD$K8xQ/SD4bFXmK9rVLGAXY1,1994-02-11,false,2009-10-05,false,1994-07-11,URY,51
user_290@example.com,274d45df-ed2f-47b4-9ceb-a49b3120324e,Kevin,James,$1$vZJw1PdD$K8xQ/SD4bFXmK9rVLGAXY1,1977-07-25,false,2012-09-08,false,1975-09-02,SVK,60
user_291@example.com,901af24c-b6fb-49fa-b879-24874657894e,James,Weaver,$1$vZJw1PdD$K8xQ/SD4bFXmK9rVLGAXY1,2009-03-25,true,1999-02-05,false,1985-12-30,AND,50
user_292@example.com,ae032472-dfeb-4f78-a754-704d3a3939b2,Stephen,Hernandez,$1$vZJw1PdD$K8xQ/SD4bFXmK9rVLGAXY1,2006-08-18,false,1993-10-11,false,2008-09-09,AGO,29
user_293@example.com,c5b45a70-3bb4-4fd5-a0da-91460fa1d008,Barbara,Wright,$1$vZJw1PdD$K8xQ/SD4bFXmK9rVLGAXY1,2011-07-10,true,1967-02-26,true,2006-05-24,CZE,50
user_294@example.com,3aeefe86-11e6-4124-87b6-2f864dc6bac5,Jennifer,Bennett,$1$vZJw1PdD$K8xQ/SD4bFXmK9rVLGAXY1,1981-11-29,false,1986-11-04,true,1993-12-30,MLT,17
user_295@example.com,c9482c54-97ae-4520-a657-0bf7b669aafc,Stephanie,Calhoun,$1$vZJw1PdD$K8xQ/SD4bFXmK9rVLGAXY1,2022-11-30,true,1989-08-31,false,2001-09-30,TTO,57
user_296@example.com,6c391217-0ed2-4c74-8eac-a47c17da9b14,Deborah,Reed,$1$vZJw1PdD$K8xQ/SD4bFXmK9rVLGAXY1,2002-06-08,false,2023-09-27,true,2016-08-19,LAO,51
user_297@example.com,a460bc6a-f18f-46ae-80bf-93355692dc5a,Jacob,Armstrong,$1$vZJw1PdD$K8xQ/SD4bFXmK9rVLGAXY1,2013-05-15,true,2017-02-25,true,2017-09-06,AIA,34
user_298@example.com,9ff9178c-9f87-482d-b58b-ea4f2b2b6fad,Anna,Ali,$1$vZJw1PdD$K8xQ/SD4bFXmK9rVLGAXY1,2021-06-12,false,1989-03-31,false,1974-11-26,TKL,10
user_299@example.com,eeb7a475-eefd-4989-889c-54bd2aea7d6d,Veronica,Greer,$1$vZJw1PdD$K8xQ/SD4bFXmK9rVLGAXY1,2008-02-15,true,1983-05-16,false,1993-09-11,BLZ,8
user_300@example.com,03ce90fe-321d-4585-bf20-445a0589ffbe,Andrew,Sullivan,$1$vZJw1PdD$K8xQ/SD4bFXmK9rVLGAXY1,1988-07-27,false,2012-02-23,true,1965-07-19,BHS,15
user_301@example.com,3ab841d1-c428-4b2c-9221-ff61264bc4f1,Tracy,Hernandez,$1$vZJw1PdD$K8xQ/SD4bFXmK9rVLGAXY1,1986-12-05,true,2024-06-15,true,2003-12-19,ATG,42
user_302@example.com,5fb306a0-016c-4640-a7a4-0da8019463f2,Justin,Serrano,$1$vZJw1PdD$K8xQ/SD4bFXmK9rVLGAXY1,2015-06-28,false,2003-10-22,false,1993-02-12,SOM,25
user_303@example.com,85fde8ce-8360-4bd8-947c-b9c4b5e0352b,Samantha,Rhodes,$1$vZJw1PdD$K8xQ/SD4bFXmK9rVLGAXY1,1983-12-13,false,1995-10-18,true,2001-12-09,NLD,30
user_304@example.com,04ff6b76-333e-4876-990e-e91d983cfda3,Lauren,Hernandez,$1$vZJw1PdD$K8xQ/SD4bFXmK9rVLGAXY1,2009-03-09,false,1997-04-15,true,2004-10-08,DZA,17
user_305@example.com,cc08ae76-ba49-4977-8a99-8731f14a3767,Keith,Lewis,$1$vZJw1PdD$K8xQ/SD4bFXmK9rVLGAXY1,1993-08-08,false,2001-10-25,true,2016-11-23,BRB,37
user_306@example.com,da9b8476-e5d9-4b1e-9a69-0ea6b2690060,Kristen,Peterson,$1$vZJw1PdD$K8xQ/SD4bFXmK9rVLGAXY1,2020-08-15,true,1995-05-26,true,1979-09-04,ABW,60
user_307@example.com,0dab108d-8e45-464b-be09-b3472b9dd0ce,Angelica,Gonzalez,$1$vZJw1PdD$K8xQ/SD4bFXmK9rVLGAXY1,1989-01-17,false,2022-02-25,false,1985-11-25,LBY,19
user_308@example.com,579ebe78-8dcc-49e8-a366-e057a13e70c4,Frederick,Shah,$1$vZJw1PdD$K8xQ/SD4bFXmK9rVLGAXY1,2023-06-10,false,2008-12-11,false,2006-10-31,TZA,57
user_309@example.com,f8450532-bd24-4e2d-9e4a-c6b65128c3e4,Frank,Woods,$1$vZJw1PdD$K8xQ/SD4bFXmK9rVLGAXY1,1971-06-17,false,2011-01-18,true,1978-03-31,ARM,55
user_310@example.com,6ef789ca-04f2-4979-bebd-e919a4bfcd56,Seth,Harris,$1$vZJw1PdD$K8xQ/SD4bFXmK9rVLGAXY1,2016-03-22,true,1973-03-26,false,1974-07-23,SLB,55
user_311@example.com,90812e73-2a60-4aa2-9048-95e8106cac33,Cassandra,White,$1$vZJw1PdD$K8xQ/SD4bFXmK9rVLGAXY1,1996-03-14,true,1975-12-24,true,1991-10-10,HTI,24
user_312@example.com,4a080bc0-45a4-4e43-8ed3-9ce933293585,Mary,Campos,$1$vZJw1PdD$K8xQ/SD4bFXmK9rVLGAXY1,1990-08-10,true,1965-09-17,false,2000-07-04,NCL,46
user_313@example.com,657f5a3e-b87e-4260-903d-6ced61b10d88,Annette,Arnold,$1$vZJw1PdD$K8xQ/SD4bFXmK9rVLGAXY1,2013-12-22,true,2023-11-28,false,2012-09-04,FRO,31
user_314@example.com,913cd6e1-39ac-48cf-bb69-291537f56294,Jason,Dennis,$1$vZJw1PdD$K8xQ/SD4bFXmK9rVLGAXY1,1995-08-16,false,2020-09-17,true,2006-07-15,ARM,2
user_315@example.com,6d916162-1e28-4dab-a3b2-9c091dd26593,Briana,Little,$1$vZJw1PdD$K8xQ/SD4bFXmK9rVLGAXY1,1967-07-09,true,1968-04-10,true,1990-05-16,TWN,22
user_316@example.com,95fef6da-160d-4615-9a0f-edca7c9da243,Lisa,Smith,$1$vZJw1PdD$K8xQ/SD4bFXmK9rVLGAXY1,1980-11-12,true,2002-09-27,true,2007-03-13,BDI,23
user_317@example.com,7c6084a9-37e4-461d-a5d9-fcc8269c88a7,Michael,Byrd,$1$vZJw1PdD$K8xQ/SD4bFXmK9rVLGAXY1,2019-02-04,true,2016-06-07,true,2019-09-04,SLB,51
user_318@example.com,541abe01-95ef-4328-8763-1d6155b172e5,Krista,Hill,$1$vZJw1PdD$K8xQ/SD4bFXmK9rVLGAXY1,1968-04-22,false,1966-10-06,false,1985-07-26,NIU,48
user_319@example.com,2437166f-c432-4f86-a200-987e55b794d1,Elizabeth,Berry,$1$vZJw1PdD$K8xQ/SD4bFXmK9rVLGAXY1,1976-05-24,false,1972-11-23,false,1995-03-08,SEN,45
user_320@example.com,4c90e3db-945e-4333-89cc-b912e5f44dd6,Gregory,Knox,$1$vZJw1PdD$K8xQ/SD4bFXmK9rVLGAXY1,1973-01-10,true,1999-08-14,true,1985-06-19,CMR,41
user_321@example.com,da88149d-83f6-427f-adb9-8f1eefebdb23,Pamela,Hernandez,$1$vZJw1PdD$K8xQ/SD4bFXmK9rVLGAXY1,1990-05-27,true,1979-11-09,true,2018-07-28,PYF,49
user_322@example.com,4f8f36c1-5560-44d3-acda-b8ddf5804b5a,Taylor,Mcconnell,$1$vZJw1PdD$K8xQ/SD4bFXmK9rVLGAXY1,2021-08-17,false,1989-01-28,false,1995-09-08,CHL,24
user_323@example.com,323b616b-8deb-45c2-b752-01f2ab2df21f,Emily,Hickman,$1$vZJw1PdD$K8xQ/SD4bFXmK9rVLGAXY1,1965-03-08,false,2014-12-05,false,1982-05-27,TZA,33
user_324@example.com,e4244ee9-7310-4200-9821-21d9499374ff,Paul,Banks,$1$vZJw1PdD$K8xQ/SD4bFXmK9rVLGAXY1,1973-10-29,true,1974-07-05,true,2007-06-30,TUV,2
user_325@example.com,3162593c-7d24-4bc5-8cef-06ff9e8d12fa,Alison,Henry,$1$vZJw1PdD$K8xQ/SD4bFXmK9rVLGAXY1,1980-10-28,false,2021-09-20,false,2022-02-15,TKM,59
user_326@example.com,47c16bfd-d294-41b3-b9bd-ad8144b95608,Carlos,Harrison,$1$vZJw1PdD$K8xQ/SD4bFXmK9rVLGAXY1,1982-04-13,false,1986-07-04,true,1965-05-08,COL,13
user_327@example.com,962019d7-e1a4-43d3-ab7f-cf8adc1b321a,Matthew,Blackburn,$1$vZJw1PdD$K8xQ/SD4bFXmK9rVLGAXY1,1968-01-08,false,1990-07-29,true,1976-06-28,CUB,53
user_328@example.com,648d3f83-ced3-4fed-86a4-fe9bd933a034,Tina,Hardy,$1$vZJw1PdD$K8xQ/SD4bFXmK9rVLGAXY1,1992-05-14,true,2023-08-25,true,2003-03-23,GLP,21
user_329@example.com,4398e246-43ac-4e9c-90fb-9e7dba2ed6bc,Jose,Navarro,$1$vZJw1PdD$K8xQ/SD4bFXmK9rVLGAXY1,1976-05-12,false,1990-06-13,false,1979-04-10,ISL,19
user_330@example.com,c56c4a6a-493c-4483-9ec4-e5ed6f1df729,Donna,Thompson,$1$vZJw1PdD$K8xQ/SD4bFXmK9rVLGAXY1,1970-10-31,false,1985-09-20,false,1971-07-28,AIA,31
user_331@example.com,77d2faff-049c-4386-b2d4-5eb2c31f385c,Christina,Warren,$1$vZJw1PdD$K8xQ/SD4bFXmK9rVLGAXY1,2007-09-11,true,1979-02-03,true,2024-03-24,FJI,40
user_332@example.com,03c02e90-5fe1-478f-bba1-aa947b36e4ce,Dustin,Miller,$1$vZJw1PdD$K8xQ/SD4bFXmK9rVLGAXY1,1973-07-07,true,1977-07-05,false,2001-07-26,BHS,46
user_333@example.com,5c643ea3-8496-4751-9aa9-bf7e9d7d06f6,Dawn,Francis,$1$vZJw1PdD$K8xQ/SD4bFXmK9rVLGAXY1,1979-08-08,false,1986-02-03,true,1999-08-08,MWI,9
user_334@example.com,9a57a5e8-811e-4113-95ac-0ab560db943a,Melissa,Reynolds,$1$vZJw1PdD$K8xQ/SD4bFXmK9rVLGAXY1,2000-12-16,false,2012-01-30,false,1984-06-21,DNK,36
user_335@example.com,8c0d0a4b-b822-4540-b5ec-402d61469ae8,Melanie,Robinson,$1$vZJw1PdD$K8xQ/SD4bFXmK9rVLGAXY1,1979-02-14,false,1972-02-20,false,1991-10-10,DOM,41
user_336@example.com,e3d59ab3-a73d-46f3-9526-79646bc90829,Rodney,Scott,$1$vZJw1PdD$K8xQ/SD4bFXmK9rVLGAXY1,1968-02-13,false,2005-06-06,false,2010-10-29,LUX,22
user_337@example.com,95390916-dd02-48c5-a77c-f6fef13555dc,Heather,Vincent,$1$vZJw1PdD$K8xQ/SD4bFXmK9rVLGAXY1,1973-03-12,false,1999-01-21,true,1964-08-17,GAB,39
user_338@example.com,611f90d2-a57a-468e-b4a3-de1a8853ae5f,Janet,Hogan,$1$vZJw1PdD$K8xQ/SD4bFXmK9rVLGAXY1,1980-04-28,false,1977-07-18,false,2018-04-30,VCT,30
user_339@example.com,dc7ffa58-d43d-48a5-8f9f-149aadf949dc,Susan,Blackwell,$1$vZJw1PdD$K8xQ/SD4bFXmK9rVLGAXY1,1968-10-21,true,2001-10-15,false,1967-05-08,TON,43
user_340@example.com,72155876-d683-4c5a-bb48-d3db4c72b686,Sarah,Jackson,$1$vZJw1PdD$K8xQ/SD4bFXmK9rVLGAXY1,1977-12-01,false,2001-11-11,true,1973-12-25,ATG,15
user_341@example.com,477a9af0-7e48-489c-b2cd-df4f13ec66c5,Stanley,Aguilar,$1$vZJw1PdD$K8xQ/SD4bFXmK9rVLGAXY1,1987-04-12,true,2022-11-30,true,2018-09-19,SLV,12
user_342@example.com,b668b9fd-1585-4c67-a8d3-c715ecd27e65,Amanda,Elliott,$1$vZJw1PdD$K8xQ/SD4bFXmK9rVLGAXY1,1987-06-10,false,1992-02-17,false,1972-04-22,MTQ,30
user_343@example.com,c8bbb491-2aaa-4a20-8014-a06fd71ceb60,Victoria,Mckee,$1$vZJw1PdD$K8xQ/SD4bFXmK9rVLGAXY1,2022-03-13,true,1983-10-01,false,1981-04-06,LIE,44
user_344@example.com,34695218-6b12-432c-9a1b-f5b601f57fcf,Brent,Fletcher,$1$vZJw1PdD$K8xQ/SD4bFXmK9rVLGAXY1,1996-05-09,false,1974-10-15,true,1980-05-01,COK,26
user_345@example.com,de13ce80-22ef-41bb-96b2-6c2180660a8c,Colin,Willis,$1$vZJw1PdD$K8xQ/SD4bFXmK9rVLGAXY1,1993-06-06,true,2007-06-18,false,1976-08-22,VGB,52
user_346@example.com,374ecba0-85b1-470b-890a-2ca5437b16d5,Keith,Thompson,$1$vZJw1PdD$K8xQ/SD4bFXmK9rVLGAXY1,1979-02-09,false,1976-07-29,false,1995-05-02,SWE,34
user_347@example.com,fb9da08b-2b18-4825-8bea-62ddf8b071ed,Paul,Mitchell,$1$vZJw1PdD$K8xQ/SD4bFXmK9rVLGAXY1,2004-05-16,false,1977-02-09,true,2018-10-08,ZWE,28
user_348@example.com,aed746a2-3efe-4cf4-9765-739865104891,Kevin,Edwards,$1$vZJw1PdD$K8xQ/SD4bFXmK9rVLGAXY1,1980-07-20,true,2014-10-07,true,1986-01-18,MEX,6
user_349@example.com,7009b377-7210-41ed-8806-445ff09703d1,Misty,Romero,$1$vZJw1PdD$K8xQ/SD4bFXmK9rVLGAXY1,1990-02-11,false,1998-02-09,true,1990-02-28,UKR,57
user_350@example.com,31265b5e-2f99-4a75-b70d-c6cb9e428dcf,Jonathan,Stafford,$1$vZJw1PdD$K8xQ/SD4bFXmK9rVLGAXY1,2007-05-27,false,2004-08-07,false,1997-01-06,BLR,29
user_351@example.com,73447134-f833-4565-975a-5a374fa73906,Derrick,Rodriguez,$1$vZJw1PdD$K8xQ/SD4bFXmK9rVLGAXY1,1977-05-05,true,1999-07-09,false,1976-06-20,LSO,19
user_352@example.com,6b9d349f-d990-4716-8c00-b4fc5a34250e,Joshua,Smith,$1$vZJw1PdD$K8xQ/SD4bFXmK9rVLGAXY1,1968-06-23,false,1969-02-17,false,2011-06-06,MNP,4
user_353@example.com,b4b1e1d3-6cb8-42b9-a002-a42a9c5f6198,Tracy,Cisneros,$1$vZJw1PdD$K8xQ/SD4bFXmK9rVLGAXY1,1975-04-17,true,2001-01-02,true,2017-09-28,GIB,10
user_354@example.com,0cd62191-a89f-4aeb-a09c-504cc6a6b044,Jeffrey,Page,$1$vZJw1PdD$K8xQ/SD4bFXmK9rVLGAXY1,2017-06-03,false,2023-04-17,true,2013-10-15,TON,21
user_355@example.com,2d8dfc68-2f11-4336-8aa7-34dd639d9e6d,Joseph,Hill,$1$vZJw1PdD$K8xQ/SD4bFXmK9rVLGAXY1,1970-08-09,true,1969-04-07,false,2005-05-15,ASM,49
user_356@example.com,d2617c21-7d8a-4d6d-87c7-46cfd5cf5516,Andrea,Gomez,$1$vZJw1PdD$K8xQ/SD4bFXmK9rVLGAXY1,1992-06-05,true,2001-09-21,false,2013-03-29,MMR,43
user_357@example.com,c6d1dd0e-5c0a-4aad-a8d5-72fb7dcb3b21,Anthony,Buck,$1$vZJw1PdD$K8xQ/SD4bFXmK9rVLGAXY1,1983-04-28,false,1993-11-11,false,1993-10-15,FJI,26
user_358@example.com,e6b2f3a4-781f-4675-acb6-3f3f71f88534,Michelle,Carr,$1$vZJw1PdD$K8xQ/SD4bFXmK9rVLGAXY1,2019-12-22,true,2019-02-15,false,1979-12-18,FLK,24
user_359@example.com,f1d629c5-3d12-4837-9cef-3d7055ecf033,Lisa,Vaughn,$1$vZJw1PdD$K8xQ/SD4bFXmK9rVLGAXY1,1982-03-22,false,2013-08-22,true,2009-10-09,ARE,40
user_360@example.com,1bdb3ee2-0b24-41aa-924f-7b86e57f6935,Amanda,Thomas,$1$vZJw1PdD$K8xQ/SD4bFXmK9rVLGAXY1,1975-09-09,true,2016-12-09,true,1971-09-11,GUY,25
user_361@example.com,c83d5b03-b60d-4a3f-93b5-a0a8ada9bb9b,Johnny,Moore,$1$vZJw1PdD$K8xQ/SD4bFXmK9rVLGAXY1,1992-10-01,true,1986-10-03,true,2008-11-18,GUY,10
user_362@example.com,0665b15c-8a1e-42d6-9993-f87b2da9a961,Julia,Drake,$1$vZJw1PdD$K8xQ/SD4bFXmK9rVLGAXY1,2024-03-21,true,1988-04-04,false,2001-11-12,GUM,33
user_363@example.com,5155d4c9-5a0f-464c-ae91-2ee3757bb624,Amy,Blair,$1$vZJw1PdD$K8xQ/SD4bFXmK9rVLGAXY1,1973-03-28,true,1985-06-28,true,1994-01-27,COK,47
user_364@example.com,b67ad0b1-0c4c-4ccb-ba06-f01dad8ef0d8,Maria,Santos,$1$vZJw1PdD$K8xQ/SD4bFXmK9rVLGAXY1,1990-11-01,false,2024-01-12,true,2010-02-24,IRN,45
user_365@example.com,f0603e20-01ad-4f7c-b063-0f63a9589512,Kimberly,Lee,$1$vZJw1PdD$K8xQ/SD4bFXmK9rVLGAXY1,2002-01-17,false,2004-11-15,true,2020-01-25,SSD,51
user_366@example.com,6638e6bb-aff8-4920-959a-a4277703743f,Jorge,Powers,$1$vZJw1PdD$K8xQ/SD4bFXmK9rVLGAXY1,1982-06-15,true,2015-09-28,false,1976-01-20,PRT,1
user_367@example.com,7c32fcfb-a9a8-4e56-a34c-ea4079a1d6b8,Tony,Sanchez,$1$vZJw1PdD$K8xQ/SD4bFXmK9rVLGAXY1,1993-06-21,false,2013-11-21,true,2024-03-16,SMR,49
user_368@example.com,e6a18538-df33-42b0-8566-1309789ccbd9,Ana,Hill,$1$vZJw1PdD$K8xQ/SD4bFXmK9rVLGAXY1,2011-11-25,true,2001-01-03,false,1980-11-09,HUN,42
user_369@example.com,d764acbf-eb92-442c-9315-941d533198d7,Nancy,Gonzalez,$1$vZJw1PdD$K8xQ/SD4bFXmK9rVLGAXY1,1982-01-05,true,1973-08-29,true,1993-02-07,GGY,41
user_370@example.com,519e9960-6310-4cc8-9ff8-f4e889020d45,Justin,Morrow,$1$vZJw1PdD$K8xQ/SD4bFXmK9rVLGAXY1,1967-03-13,true,1995-10-09,true,2001-12-10,BTN,35
user_371@example.com,faf7a581-9dae-466e-85be-82412707b0bf,Tiffany,Moyer,$1$vZJw1PdD$K8xQ/SD4bFXmK9rVLGAXY1,2007-05-17,false,1969-10-21,false,2022-07-31,SVN,57
user_372@example.com,4651cc00-9ba1-42d0-98c8-5a424a0da880,Johnny,Robinson,$1$vZJw1PdD$K8xQ/SD4bFXmK9rVLGAXY1,2010-11-12,true,1994-06-20,false,1970-02-26,SEN,18
user_373@example.com,33b3f202-4b4b-48aa-bb62-5c5779384e78,Amanda,Miller,$1$vZJw1PdD$K8xQ/SD4bFXmK9rVLGAXY1,1975-02-26,true,1969-02-01,false,2012-10-22,NZL,35
user_374@example.com,a4a57060-130e-4a69-81bb-02b7c8d0f2a8,Jasmine,Cantrell,$1$vZJw1PdD$K8xQ/SD4bFXmK9rVLGAXY1,1984-08-24,true,1987-10-22,true,1975-04-06,NIC,7
user_375@example.com,fc781a87-505a-44a7-9f87-06f366b6bf58,Richard,Strickland,$1$vZJw1PdD$K8xQ/SD4bFXmK9rVLGAXY1,1981-03-18,true,1975-06-02,false,2012-11-11,PER,42
user_376@example.com,86dc1b40-f501-4199-83e7-23c79c394f75,Jonathan,Howard,$1$vZJw1PdD$K8xQ/SD4bFXmK9rVLGAXY1,2019-02-07,false,2005-04-14,true,1964-11-20,ROU,20
user_377@example.com,a5b21cad-1fd6-44ea-87a9-7d0f6f58e64a,Anthony,Nguyen,$1$vZJw1PdD$K8xQ/SD4bFXmK9rVLGAXY1,1997-08-01,false,1998-11-30,true,2011-03-14,EST,19
user_378@example.com,d8443a68-141d-473f-b95f-eda514a8be88,Charles,Johns,$1$vZJw1PdD$K8xQ/SD4bFXmK9rVLGAXY1,2019-08-25,true,2021-09-16,true,2012-10-08,SAU,4
user_379@example.com,91acea00-8f47-43ec-bc53-5ac960676bcd,Julia,Archer,$1$vZJw1PdD$K8xQ/SD4bFXmK9rVLGAXY1,1999-05-02,true,1984-08-31,true,1986-07-16,MYS,39
user_380@example.com,42a1f770-e87d-4b14-8b17-08e2b8217d66,Dawn,Fowler,$1$vZJw1PdD$K8xQ/SD4bFXmK9rVLGAXY1,2002-01-30,false,1970-08-24,false,1987-09-18,SAU,55
user_381@example.com,eea46571-1871-4d38-9069-e31adbadd78b,Amber,Jones,$1$vZJw1PdD$K8xQ/SD4bFXmK9rVLGAXY1,1987-01-21,false,2015-04-17,true,1993-10-30,MDG,4
user_382@example.com,6acf7fe7-9b5e-4ef8-bb33-0c40a9d68ac6,David,Bowman,$1$vZJw1PdD$K8xQ/SD4bFXmK9rVLGAXY1,1975-03-23,false,2022-04-28,false,2010-11-28,GLP,55
user_383@example.com,0c049012-2ba9-4a83-bcef-0cebf085df84,Kimberly,Graham,$1$vZJw1PdD$K8xQ/SD4bFXmK9rVLGAXY1,1969-11-11,false,2003-08-07,true,1985-01-06,SWZ,34
user_384@example.com,e9b182a7-bce9-4cc2-9eed-b60c74d35336,Lisa,Jordan,$1$vZJw1PdD$K8xQ/SD4bFXmK9rVLGAXY1,1978-03-26,true,1972-08-31,false,1993-05-19,CPV,25
user_385@example.com,50103479-6fd3-4231-ab2a-4d41b358bcdd,Isaiah,Blair,$1$vZJw1PdD$K8xQ/SD4bFXmK9rVLGAXY1,1978-06-20,false,2006-05-10,true,1972-06-03,REU,11
user_386@example.com,898cc298-ee1b-4689-ad03-060298f8df9c,William,Turner,$1$vZJw1PdD$K8xQ/SD4bFXmK9rVLGAXY1,1996-01-04,true,2023-06-15,true,2020-01-16,ITA,42
user_387@example.com,b0109dec-39b1-456f-987f-2dff0ba1eaec,Anthony,Martinez,$1$vZJw1PdD$K8xQ/SD4bFXmK9rVLGAXY1,1989-11-12,true,2002-03-12,false,1972-08-04,BEN,28
user_388@example.com,5c19bcd1-a032-424e-aca9-f2097b8d216d,Bonnie,Huff,$1$vZJw1PdD$K8xQ/SD4bFXmK9rVLGAXY1,1993-02-17,true,1965-12-04,false,2009-04-17,NPL,59
user_389@example.com,5d30a6fb-fac5-4a9a-8f52-d35f985d7764,Deanna,Jones,$1$vZJw1PdD$K8xQ/SD4bFXmK9rVLGAXY1,1974-08-02,false,1986-09-01,true,1991-11-17,EST,49
user_390@example.com,decbfe65-6f48-440c-8e61-dc0ba5af9938,Gail,Wilson,$1$vZJw1PdD$K8xQ/SD4bFXmK9rVLGAXY1,1970-12-19,true,1998-03-06,false,1982-09-28,PAN,35
user_391@example.com,6977cc88-24f6-4370-8594-9c37ca184d39,Jesse,Morales,$1$vZJw1PdD$K8xQ/SD4bFXmK9rVLGAXY1,2008-08-15,false,2019-06-05,false,2016-09-20,WSM,6
user_392@example.com,6fa44800-643b-482a-83da-30216381787c,Jacob,Lutz,$1$vZJw1PdD$K8xQ/SD4bFXmK9rVLGAXY1,2019-01-15,true,1971-11-04,false,1993-07-31,LBY,4
user_393@example.com,ccb97b5e-3a6f-450f-a1f3-e062043ea580,Monica,Duran,$1$vZJw1PdD$K8xQ/SD4bFXmK9rVLGAXY1,1971-02-05,true,2002-02-19,true,2022-05-08,LBN,10
user_394@example.com,d8d88538-233c-4bdf-bb64-6ea775e7e2d0,Tammy,Patterson,$1$vZJw1PdD$K8xQ/SD4bFXmK9rVLGAXY1,2017-09-25,true,1976-04-23,false,1989-02-02,VIR,4
user_395@example.com,a177999c-3686-4cf2-83af-45e106aa7654,Nancy,Wilson,$1$vZJw1PdD$K8xQ/SD4bFXmK9rVLGAXY1,2010-10-27,false,2017-09-16,false,1990-12-28,MYS,6
user_396@example.com,41d17795-6630-4609-82f8-73c141d1730c,Christopher,Perez,$1$vZJw1PdD$K8xQ/SD4bFXmK9rVLGAXY1,2002-03-03,false,2016-01-04,false,1996-08-29,MYS,52
user_397@example.com,4a79723c-f27e-49d7-9f97-770247627673,Anita,Goodwin,$1$vZJw1PdD$K8xQ/SD4bFXmK9rVLGAXY1,1982-06-15,true,2022-05-02,false,2020-08-09,LAO,51
user_398@example.com,26269bf2-bfce-4d02-bbf5-cd9ca05941ab,Alyssa,Martin,$1$vZJw1PdD$K8xQ/SD4bFXmK9rVLGAXY1,1992-03-08,false,1987-01-17,true,1965-08-08,SWE,50
user_399@example.com,46753e94-5f84-4633-b70d-ed421e85128b,Christopher,Mcintosh,$1$vZJw1PdD$K8xQ/SD4bFXmK9rVLGAXY1,2010-03-04,false,2008-08-16,false,1972-04-18,PRK,16
user_400@example.com,93cf728b-0c09-45b2-809a-a40126e6b028,Steven,Reyes,$1$vZJw1PdD$K8xQ/SD4bFXmK9rVLGAXY1,1989-07-21,false,2006-01-20,true,2016-07-13,DOM,17
user_401@example.com,b9356492-f7cb-4193-9e5e-0a29f48dabf5,Amy,Pena,$1$vZJw1PdD$K8xQ/SD4bFXmK9rVLGAXY1,2002-09-20,true,1998-09-18,true,2002-05-21,PER,55
user_402@example.com,37432f60-31ae-4e33-bc54-12752dcee81e,Erin,Harrison,$1$vZJw1PdD$K8xQ/SD4bFXmK9rVLGAXY1,2014-07-07,true,1975-06-24,false,2020-09-08,GEO,7
user_403@example.com,647c0a15-2a36-4291-941a-f1ea52bc2a20,April,Cunningham,$1$vZJw1PdD$K8xQ/SD4bFXmK9rVLGAXY1,2013-03-12,false,2008-10-18,false,2015-02-04,JOR,31
user_404@example.com,7688ec03-3a94-4ec3-9a64-8778bdc329ae,Matthew,Rhodes,$1$vZJw1PdD$K8xQ/SD4bFXmK9rVLGAXY1,1994-07-24,false,2000-04-16,true,2019-04-14,BLZ,43
user_405@example.com,c62f7451-6e50-4672-abe3-acba6f3471f4,William,Benitez,$1$vZJw1PdD$K8xQ/SD4bFXmK9rVLGAXY1,1998-06-14,true,1965-08-06,false,1992-04-22,NRU,53
user_406@example.com,50835c23-47f9-45ec-a546-cbfe6f7a0cdf,James,Campbell,$1$vZJw1PdD$K8xQ/SD4bFXmK9rVLGAXY1,2018-03-24,false,1994-04-20,false,1980-03-18,ERI,40
user_407@example.com,f94d05bf-e5b1-44a2-859a-8c1d7ea99746,Christine,Patel,$1$vZJw1PdD$K8xQ/SD4bFXmK9rVLGAXY1,2006-09-29,true,2017-05-15,true,1972-01-13,MTQ,23
user_408@example.com,52465ae6-3a0e-4805-899a-0c360a89f5be,Latasha,Rhodes,$1$vZJw1PdD$K8xQ/SD4bFXmK9rVLGAXY1,2001-01-03,true,1999-09-24,true,2023-02-26,KOR,14
user_409@example.com,014f3af7-3fc1-4a2d-aacb-41144f01684e,Andrew,Clark,$1$vZJw1PdD$K8xQ/SD4bFXmK9rVLGAXY1,1996-01-17,false,2011-08-23,true,2012-08-27,IDN,34
user_410@example.com,cf9085ba-3b7f-4aab-b553-6e9d67000e58,Carol,Torres,$1$vZJw1PdD$K8xQ/SD4bFXmK9rVLGAXY1,1995-02-17,true,1975-08-26,false,1964-10-12,GIB,45
user_411@example.com,4d87ccdb-9ad4-4931-8b92-8a4137c9006e,Zachary,Duran,$1$vZJw1PdD$K8xQ/SD4bFXmK9rVLGAXY1,1998-12-10,true,2000-09-17,true,1976-10-02,BIH,13
user_412@example.com,01eedf23-69b8-4838-8a91-597a2e67f937,Jeremy,Molina,$1$vZJw1PdD$K8xQ/SD4bFXmK9rVLGAXY1,2002-11-06,false,1988-01-29,true,2012-03-08,FLK,41
user_413@example.com,19e128b0-f14d-4388-be94-57cd9fb1da9d,Aaron,Dillon,$1$vZJw1PdD$K8xQ/SD4bFXmK9rVLGAXY1,2016-06-14,false,1970-07-20,false,1976-01-09,GAB,14
user_414@example.com,9b12cbe2-7ca0-4211-ad94-f5c748bd1fcf,Rebecca,Love,$1$vZJw1PdD$K8xQ/SD4bFXmK9rVLGAXY1,2002-03-04,true,1968-10-29,true,2004-12-31,ATG,40
user_415@example.com,4d30e32b-a7b0-42ab-b553-13d1c3c98134,Joseph,Mason,$1$vZJw1PdD$K8xQ/SD4bFXmK9rVLGAXY1,2003-01-14,false,1970-01-14,false,1973-07-06,ITA,22
user_416@example.com,420d2b9c-32e4-4de0-aac4-e2cebc00e201,Edward,Wilson,$1$vZJw1PdD$K8xQ/SD4bFXmK9rVLGAXY1,1998-05-02,false,2009-05-01,false,1978-11-24,AGO,25
user_417@example.com,6c0abdca-dc4f-405e-a98f-cf2a5a4f81a2,Martha,Clark,$1$vZJw1PdD$K8xQ/SD4bFXmK9rVLGAXY1,1995-10-22,false,2015-01-24,false,2001-07-07,GUM,21
user_418@example.com,df32ab59-02de-4a07-b3df-42b157973ceb,Jennifer,Williams,$1$vZJw1PdD$K8xQ/SD4bFXmK9rVLGAXY1,2010-04-04,false,1993-05-15,true,2000-12-13,GRL,40
user_419@example.com,0751e7fb-5681-4f15-ab58-0ec5469514d2,Tracy,Reid,$1$vZJw1PdD$K8xQ/SD4bFXmK9rVLGAXY1,1974-07-16,true,1987-04-28,true,2012-05-25,GRD,31
user_420@example.com,417f98a1-4b0a-4f13-9d30-55e38ee48ded,Debra,James,$1$vZJw1PdD$K8xQ/SD4bFXmK9rVLGAXY1,1992-07-10,false,1990-02-23,false,1997-01-04,LCA,26
user_421@example.com,1e745f44-ddf7-4fe2-ae15-ebf9f8d5af4b,Brenda,Graham,$1$vZJw1PdD$K8xQ/SD4bFXmK9rVLGAXY1,2014-05-30,true,1989-04-18,false,2004-11-10,VIR,44
user_422@example.com,74b6d482-a395-436d-b954-576798358b5d,Anne,Fleming,$1$vZJw1PdD$K8xQ/SD4bFXmK9rVLGAXY1,2007-09-26,false,2017-11-18,true,1971-07-12,MLT,45
user_423@example.com,45946f87-b57a-43ff-84e2-27431fc28e53,Katrina,Cook,$1$vZJw1PdD$K8xQ/SD4bFXmK9rVLGAXY1,2011-03-28,true,1988-04-14,true,1976-10-05,DEU,10
user_424@example.com,2bb3a3cf-8c63-4aaf-a348-427482b125f1,Kristen,Roman,$1$vZJw1PdD$K8xQ/SD4bFXmK9rVLGAXY1,1981-01-03,false,1965-07-08,true,2019-07-18,CRI,31
user_425@example.com,e571dbf4-d89a-4b5e-b3bb-f4e9c8f72a85,Ernest,Johnson,$1$vZJw1PdD$K8xQ/SD4bFXmK9rVLGAXY1,1992-04-12,true,1991-01-25,false,2018-04-01,DJI,57
user_426@example.com,fd0d4258-6596-4781-90fe-3138e6430477,Kaitlyn,Johnson,$1$vZJw1PdD$K8xQ/SD4bFXmK9rVLGAXY1,2015-08-05,false,2005-12-26,false,1988-05-11,AUS,51
user_427@example.com,e74d1863-e6c2-4810-94b0-a022548dc52b,Brian,Miller,$1$vZJw1PdD$K8xQ/SD4bFXmK9rVLGAXY1,1970-09-20,true,1991-11-27,false,2005-09-14,LBR,28
user_428@example.com,58ab6b9f-b1a0-49ff-9519-fa0cd2c448fd,Scott,Williams,$1$vZJw1PdD$K8xQ/SD4bFXmK9rVLGAXY1,1990-09-14,true,1981-08-04,false,2014-12-09,MAR,9
user_429@example.com,b6fd2569-6a6b-43d1-b468-c2ed90d86f20,Kelly,Walsh,$1$vZJw1PdD$K8xQ/SD4bFXmK9rVLGAXY1,1988-08-10,false,1996-05-21,false,2017-08-11,TTO,39
user_430@example.com,485a1d4c-da25-47e6-9518-0b21dc34f5a9,James,Cooper,$1$vZJw1PdD$K8xQ/SD4bFXmK9rVLGAXY1,1976-01-15,false,2004-01-30,true,2011-11-02,VEN,11
user_431@example.com,03c7a1ad-425b-4cd2-901a-6404e905ce90,Christopher,Reynolds,$1$vZJw1PdD$K8xQ/SD4bFXmK9rVLGAXY1,1971-02-09,false,1974-05-14,true,1965-09-06,GRC,3
user_432@example.com,ba795fd1-5ac3-4cf1-8b9b-60c2b7e3ebc0,Travis,Summers,$1$vZJw1PdD$K8xQ/SD4bFXmK9rVLGAXY1,1972-10-28,true,2023-08-17,false,2015-12-05,SAU,56
user_433@example.com,909ed34a-ed6c-46ab-8af0-ba9a93ed0cf3,Heidi,Washington,$1$vZJw1PdD$K8xQ/SD4bFXmK9rVLGAXY1,1973-07-28,true,2014-03-24,true,1981-10-01,VEN,41
user_434@example.com,be600872-c9aa-42ce-a119-e87329ba54e6,Patricia,Steele,$1$vZJw1PdD$K8xQ/SD4bFXmK9rVLGAXY1,1997-03-20,true,2018-08-08,false,1995-06-10,WLF,13
user_435@example.com,c73e7b16-1158-4345-95c3-0002732f4705,Tamara,Miller,$1$vZJw1PdD$K8xQ/SD4bFXmK9rVLGAXY1,1992-03-03,true,1978-08-21,false,2013-03-04,GUM,60
user_436@example.com,2f92e9b5-4a08-4c45-b596-7e51f7547b8b,Scott,Brown,$1$vZJw1PdD$K8xQ/SD4bFXmK9rVLGAXY1,1977-02-28,false,2005-04-09,false,2022-09-26,CHE,26
user_437@example.com,898e1e35-5a8b-4301-8fe7-9ed5a28277d6,Desiree,Petersen,$1$vZJw1PdD$K8xQ/SD4bFXmK9rVLGAXY1,2019-11-15,true,1980-09-01,true,1999-04-04,IRL,58
user_438@example.com,0f7d69fd-104b-4cc0-8af0-fec0f57cc315,Jerry,Richardson,$1$vZJw1PdD$K8xQ/SD4bFXmK9rVLGAXY1,2020-06-08,false,1998-10-20,true,2003-02-24,THA,44
user_439@example.com,45415a6f-440f-45a8-af51-2c2e9f090c01,Linda,Middleton,$1$vZJw1PdD$K8xQ/SD4bFXmK9rVLGAXY1,1982-03-05,false,2014-08-04,false,1990-10-02,SDN,10
user_440@example.com,1f59aba2-9aae-47c8-a7aa-d0c31317a43e,April,Thomas,$1$vZJw1PdD$K8xQ/SD4bFXmK9rVLGAXY1,1972-08-09,false,1969-12-29,false,1975-03-17,MRT,23
user_441@example.com,b1f88525-1753-4fa6-8016-7d8a654a35c1,Rebecca,Mcdaniel,$1$vZJw1PdD$K8xQ/SD4bFXmK9rVLGAXY1,2002-08-15,true,2005-07-25,true,2021-12-18,SHN,42
user_442@example.com,d8bc504e-45c9-4545-a136-e6fb94fe3254,Virginia,Wallace,$1$vZJw1PdD$K8xQ/SD4bFXmK9rVLGAXY1,1991-09-07,false,2012-11-22,false,1973-10-18,AUT,53
user_443@example.com,f535e6ed-baf6-483a-bc0f-84cd7dbab412,Haley,Singh,$1$vZJw1PdD$K8xQ/SD4bFXmK9rVLGAXY1,1987-10-25,false,1991-08-27,true,2009-07-10,JPN,56
user_444@example.com,b2d271d5-fbdd-4637-a070-d704d9cece46,Carrie,Watson,$1$vZJw1PdD$K8xQ/SD4bFXmK9rVLGAXY1,1965-06-22,true,1989-03-26,true,2012-06-25,PAK,13
user_445@example.com,17eb6772-b91f-4bcc-b7df-d9868f8407ca,Jenny,Thomas,$1$vZJw1PdD$K8xQ/SD4bFXmK9rVLGAXY1,1988-09-13,false,2001-07-10,false,2019-06-27,SOM,19
user_446@example.com,2e8acf38-b3ba-424d-8a55-de20c7413c9b,Linda,Phillips,$1$vZJw1PdD$K8xQ/SD4bFXmK9rVLGAXY1,1980-01-20,false,2012-07-01,true,2001-09-21,ETH,19
user_447@example.com,b0f120f1-2907-4ca4-a87e-9d2cf3b402bf,Andrew,Davis,$1$vZJw1PdD$K8xQ/SD4bFXmK9rVLGAXY1,1982-05-21,true,2002-07-08,false,2023-06-14,KNA,34
user_448@example.com,8f30a8df-79f2-4e6a-a1a1-7ed89965a90b,Sean,Hernandez,$1$vZJw1PdD$K8xQ/SD4bFXmK9rVLGAXY1,1997-03-22,false,1964-12-20,true,2021-08-21,SLV,3
user_449@example.com,2124e3df-9b11-4aee-a562-e93cf349e83b,Brian,Gonzalez,$1$vZJw1PdD$K8xQ/SD4bFXmK9rVLGAXY1,2022-07-17,true,2000-10-27,true,1964-11-08,DMA,37
user_450@example.com,c56bd43d-e864-4d7e-8474-09f400680ee1,Richard,Bryant,$1$vZJw1PdD$K8xQ/SD4bFXmK9rVLGAXY1,2015-07-07,false,1968-04-07,false,2021-06-06,MNE,3
user_451@example.com,e6df1adb-ea68-4750-90e3-e8812fa9bc11,Kevin,Petersen,$1$vZJw1PdD$K8xQ/SD4bFXmK9rVLGAXY1,1997-07-10,false,2013-04-12,true,1994-04-25,GUF,47
user_452@example.com,e51747ff-4ad4-4cea-9c1a-b2eb578a3bcd,Erika,Smith,$1$vZJw1PdD$K8xQ/SD4bFXmK9rVLGAXY1,2018-05-19,false,1972-12-01,false,1972-12-09,NCL,52
user_453@example.com,d5fc8d22-9492-406f-9d20-f6dbf9467b3f,Christy,Stevens,$1$vZJw1PdD$K8xQ/SD4bFXmK9rVLGAXY1,1979-02-22,false,1981-01-16,false,1970-03-09,TLS,47
user_454@example.com,f2247e68-c7c3-489f-b8d0-d8f803f7300e,Sarah,Richards,$1$vZJw1PdD$K8xQ/SD4bFXmK9rVLGAXY1,1965-02-11,false,1969-03-29,false,1992-09-07,NLD,14
user_455@example.com,2dce6009-963c-4df1-b4fd-a265d46cc95c,Jacob,Durham,$1$vZJw1PdD$K8xQ/SD4bFXmK9rVLGAXY1,1975-06-23,false,1974-09-19,false,1981-01-05,MTQ,39
user_456@example.com,ed5b37e1-6ddc-446d-ad4c-8c949e9d2103,Andrew,Jenkins,$1$vZJw1PdD$K8xQ/SD4bFXmK9rVLGAXY1,1974-01-16,true,2007-09-16,true,2001-11-30,ROU,45
user_457@example.com,018fe14f-9eb6-40e3-b660-4bb83077d492,Charlene,Russell,$1$vZJw1PdD$K8xQ/SD4bFXmK9rVLGAXY1,2018-06-29,false,1969-10-31,true,2012-09-03,MRT,34
user_458@example.com,c9ed838b-d8e5-41ac-83d2-f5124a6ad691,Roberto,Knight,$1$vZJw1PdD$K8xQ/SD4bFXmK9rVLGAXY1,1982-04-09,true,2013-04-19,true,1997-07-14,ATG,24
user_459@example.com,105529f7-2270-40a6-a243-de1dc313e4f4,Andrew,Duke,$1$vZJw1PdD$K8xQ/SD4bFXmK9rVLGAXY1,1998-10-03,false,1980-10-16,true,1991-02-08,TGO,57
user_460@example.com,2122581e-9d42-4313-89c0-0e9fac56b111,Isaiah,Brennan,$1$vZJw1PdD$K8xQ/SD4bFXmK9rVLGAXY1,1979-07-15,false,2009-11-08,false,1995-05-21,MTQ,47
user_461@example.com,f6109b7f-45d7-4c6a-8836-f8a64b41a4c1,Nichole,Bishop,$1$vZJw1PdD$K8xQ/SD4bFXmK9rVLGAXY1,2018-04-01,true,2017-11-17,false,1965-12-23,BIH,31
user_462@example.com,79184ae7-005b-4f5d-ac73-e48d910208eb,Mitchell,Harris,$1$vZJw1PdD$K8xQ/SD4bFXmK9rVLGAXY1,2022-09-14,false,2020-01-02,false,1984-05-17,MYT,8
user_463@example.com,cc06083b-934f-4f2b-ab57-4c6f96bf5c15,Bryan,Benson,$1$vZJw1PdD$K8xQ/SD4bFXmK9rVLGAXY1,1977-06-10,true,2022-10-12,false,1980-10-07,MRT,22
user_464@example.com,10d53641-360e-492a-ad61-ef19e58e3e31,Robert,Hawkins,$1$vZJw1PdD$K8xQ/SD4bFXmK9rVLGAXY1,2007-01-03,true,2006-10-09,true,2006-10-19,ALB,43
user_465@example.com,35cc58b5-3924-47b6-a098-42310b0af898,Michele,Rice,$1$vZJw1PdD$K8xQ/SD4bFXmK9rVLGAXY1,2009-06-25,true,1994-11-26,true,1972-01-11,LCA,8
user_466@example.com,bb8d7fb1-1808-4c7e-b076-2b0e241796af,Mario,Reed,$1$vZJw1PdD$K8xQ/SD4bFXmK9rVLGAXY1,2015-04-29,true,1999-09-24,false,1972-02-04,GTM,56
user_467@example.com,3d8c04f2-91be-4544-83dc-bf7f0dac238e,Richard,Porter,$1$vZJw1PdD$K8xQ/SD4bFXmK9rVLGAXY1,2023-02-01,true,1992-04-21,false,1991-04-26,FIN,41
user_468@example.com,ec0b0628-5f4b-49d7-b560-d35ed5589fae,Jeremy,Bradley,$1$vZJw1PdD$K8xQ/SD4bFXmK9rVLGAXY1,1973-04-26,false,2014-04-06,false,2010-05-26,BGR,30
user_469@example.com,9c33369d-4afa-4109-b62f-790d675f8675,Michael,Smith,$1$vZJw1PdD$K8xQ/SD4bFXmK9rVLGAXY1,1966-03-27,true,1966-08-05,false,1986-07-07,TUN,27
user_470@example.com,e2efd9d8-4521-45fd-9da2-6411d3fab1b0,Daniel,Noble,$1$vZJw1PdD$K8xQ/SD4bFXmK9rVLGAXY1,2000-07-31,false,1992-05-20,true,1973-12-27,ABW,11
user_471@example.com,ee6805a5-5047-4084-95a8-6ee57627a0f1,Nancy,Patterson,$1$vZJw1PdD$K8xQ/SD4bFXmK9rVLGAXY1,1994-12-02,false,2014-01-19,false,1983-06-17,BEN,10
user_472@example.com,20e2e7a8-e4cb-4021-88c1-3b7346aea505,Christopher,Jones,$1$vZJw1PdD$K8xQ/SD4bFXmK9rVLGAXY1,1982-10-23,true,1968-04-20,true,1992-08-01,CIV,56
user_473@example.com,10acb9c5-9527-4132-91e0-a08c042b14a0,Karen,Riddle,$1$vZJw1PdD$K8xQ/SD4bFXmK9rVLGAXY1,1988-05-24,true,1992-11-17,true,1967-12-19,IND,6
user_474@example.com,0c3d19da-7985-4760-bb0e-d4a06fa39c19,Billy,Lopez,$1$vZJw1PdD$K8xQ/SD4bFXmK9rVLGAXY1,2019-07-10,true,1996-05-09,false,2008-12-06,LIE,46
user_475@example.com,6f9187b9-a0fd-46b7-97a1-bc483a8a3cfb,Nicholas,Miller,$1$vZJw1PdD$K8xQ/SD4bFXmK9rVLGAXY1,1970-08-02,false,1969-05-21,true,1989-05-20,BOL,59
user_476@example.com,ce66f3cd-43d6-4a7f-8e21-5ea67248720e,Barbara,Robinson,$1$vZJw1PdD$K8xQ/SD4bFXmK9rVLGAXY1,1976-08-14,false,1967-12-16,true,2019-04-24,SGP,51
user_477@example.com,8dd14215-8991-4f4f-8c8b-2f99d255ad0f,Lisa,Johnston,$1$vZJw1PdD$K8xQ/SD4bFXmK9rVLGAXY1,2003-05-07,false,2001-12-06,false,2020-02-12,DJI,36
user_478@example.com,8a0cc4c2-07c4-4716-830b-cb9d434b705c,Thomas,Frey,$1$vZJw1PdD$K8xQ/SD4bFXmK9rVLGAXY1,2002-03-11,false,1997-01-16,false,2004-08-16,WSM,23
user_479@example.com,3b4f1904-8931-4c88-a481-3170cdbe6984,Jessica,Forbes,$1$vZJw1PdD$K8xQ/SD4bFXmK9rVLGAXY1,2014-07-22,false,1999-01-09,true,1991-02-19,BLM,6
user_480@example.com,7271bcf1-a22b-4ccd-8229-7e1fc4931e71,Patricia,Morgan,$1$vZJw1PdD$K8xQ/SD4bFXmK9rVLGAXY1,2016-08-07,false,1983-08-09,true,2012-03-05,BGD,8
user_481@example.com,1b013253-cf03-45b5-a815-1a8afb4c057e,Jessica,Franklin,$1$vZJw1PdD$K8xQ/SD4bFXmK9rVLGAXY1,1992-06-06,true,1998-08-25,false,1992-01-03,WSM,51
user_482@example.com,dde33d2b-cb34-4d1e-a4dd-2a55954e5859,Edgar,Lee,$1$vZJw1PdD$K8xQ/SD4bFXmK9rVLGAXY1,1976-02-07,false,2015-12-21,false,1970-09-07,GEO,33
user_483@example.com,1575c23a-cceb-46a1-a037-921750a99bb8,Thomas,Montgomery,$1$vZJw1PdD$K8xQ/SD4bFXmK9rVLGAXY1,2011-09-19,false,1980-09-22,true,1984-02-17,DEU,2
user_484@example.com,c34a3f76-1202-46b4-89eb-3d9942580930,Jennifer,Castaneda,$1$vZJw1PdD$K8xQ/SD4bFXmK9rVLGAXY1,2011-06-15,false,2020-03-08,false,1975-05-01,KGZ,19
user_485@example.com,9f15ce7e-bc20-4994-9235-8b236c61ee86,Alexa,Palmer,$1$vZJw1PdD$K8xQ/SD4bFXmK9rVLGAXY1,1974-01-28,true,1986-04-09,false,2017-01-18,KAZ,11
user_486@example.com,23424dc3-b6a0-435b-b751-eafbcee87dda,Dale,Reynolds,$1$vZJw1PdD$K8xQ/SD4bFXmK9rVLGAXY1,2022-12-28,true,1987-03-10,true,1985-12-10,BRB,31
user_487@example.com,c32d0ba9-78e1-4a28-aa7f-c889efab0384,Karen,Wright,$1$vZJw1PdD$K8xQ/SD4bFXmK9rVLGAXY1,1991-05-03,true,1975-06-16,true,2023-07-11,CHN,25
user_488@example.com,f97551a2-2eea-45b5-8ab4-4bb5f1d65eb5,Jason,Mason,$1$vZJw1PdD$K8xQ/SD4bFXmK9rVLGAXY1,2005-03-25,true,2010-08-30,true,1972-05-01,DNK,31
user_489@example.com,c2729f8e-e9c6-43af-8bbf-8f0375db4ac9,Rickey,Berg,$1$vZJw1PdD$K8xQ/SD4bFXmK9rVLGAXY1,2011-10-26,false,2014-06-29,false,2001-08-25,CUW,1
user_490@example.com,4db0b483-f0f4-4128-95b7-a750a3fde710,Jared,Cooper,$1$vZJw1PdD$K8xQ/SD4bFXmK9rVLGAXY1,1991-09-05,true,2022-06-15,false,2004-12-05,MLI,32
user_491@example.com,3febbbf5-2281-4dd5-9d87-be1f9741ac27,Shannon,Farrell,$1$vZJw1PdD$K8xQ/SD4bFXmK9rVLGAXY1,2024-01-29,false,2003-10-25,false,1967-08-27,NCL,59
user_492@example.com,4bfe8daf-2b23-4b5a-8328-56b5d6eb2106,Emily,Newman,$1$vZJw1PdD$K8xQ/SD4bFXmK9rVLGAXY1,1978-12-24,true,2000-09-30,true,2017-05-01,TCD,12
user_493@example.com,3cd7e1d4-9afe-40ef-99dd-8b1a2eeb2ee3,James,Kelley,$1$vZJw1PdD$K8xQ/SD4bFXmK9rVLGAXY1,2006-05-14,true,2017-02-28,false,2023-07-07,MKD,29
user_494@example.com,59bf6682-d854-43ad-887e-6ddaa3ef62c1,Benjamin,Leonard,$1$vZJw1PdD$K8xQ/SD4bFXmK9rVLGAXY1,2006-09-26,true,2009-09-20,false,2019-06-25,CHE,6
user_495@example.com,1e9752ee-b7eb-43ee-b770-bb8ea5c57822,Molly,Williams,$1$vZJw1PdD$K8xQ/SD4bFXmK9rVLGAXY1,1985-04-19,true,1984-11-14,true,1982-12-25,ZAF,27
user_496@example.com,e0bd8972-9ad5-4c28-9038-bf6d8c7d502d,Steven,Gilmore,$1$vZJw1PdD$K8xQ/SD4bFXmK9rVLGAXY1,1992-01-18,false,1987-05-02,false,2010-06-23,MAR,57
user_497@example.com,250cba72-acd7-4376-9e87-dc7fee929515,Christine,Johnson,$1$vZJw1PdD$K8xQ/SD4bFXmK9rVLGAXY1,2021-11-20,true,2017-07-31,true,1996-04-07,BRN,28
user_498@example.com,7893a1cc-05c0-4f33-893a-c5d09a1a8b6c,Kelsey,Lynch,$1$vZJw1PdD$K8xQ/SD4bFXmK9rVLGAXY1,2015-02-18,false,2020-07-10,true,2015-02-02,SHN,55
user_499@example.com,d6582bc9-2d58-4509-9d08-3f6af90295bf,Ashley,Evans,$1$vZJw1PdD$K8xQ/SD4bFXmK9rVLGAXY1,2010-04-12,true,2002-03-04,true,1976-03-10,ISR,60
user_500@example.com,bbd1bf04-ae7e-44a2-9d5b-2722016ea263,elie,peace,$1$vZJw1PdD$6/VC7Lg.HGrMq5uOFWmZB0,2023-10-10,true,2023-12-12,true,2024-06-06,RWA,54
kagabo20@gmail.com,5E0283B1-AD73-46B6-9EDF-F2E3077443C9,Peaceeee,Kagabooo,$1$vZJw1PdD$fITGR5XPIp9mztYI8nlzl0,1997-01-01,true,2023-01-01,true,2024-01-01,NGA,22
